INSERT INTO country (country_id,country) VALUES (1,'Afghanistan');
INSERT INTO country (country_id,country) VALUES (2,'Algeria');
INSERT INTO country (country_id,country) VALUES (3,'American Samoa');
INSERT INTO country (country_id,country) VALUES (4,'Angola');
INSERT INTO country (country_id,country) VALUES (5,'Anguilla');
INSERT INTO country (country_id,country) VALUES (6,'Argentina');
INSERT INTO country (country_id,country) VALUES (7,'Armenia');
INSERT INTO country (country_id,country) VALUES (8,'Australia');
INSERT INTO country (country_id,country) VALUES (9,'Austria');
INSERT INTO country (country_id,country) VALUES (10,'Azerbaijan');
INSERT INTO country (country_id,country) VALUES (11,'Bahrain');
INSERT INTO country (country_id,country) VALUES (12,'Bangladesh');
INSERT INTO country (country_id,country) VALUES (13,'Belarus');
INSERT INTO country (country_id,country) VALUES (14,'Bolivia');
INSERT INTO country (country_id,country) VALUES (15,'Brazil');
INSERT INTO country (country_id,country) VALUES (16,'Brunei');
INSERT INTO country (country_id,country) VALUES (17,'Bulgaria');
INSERT INTO country (country_id,country) VALUES (18,'Cambodia');
INSERT INTO country (country_id,country) VALUES (19,'Cameroon');
INSERT INTO country (country_id,country) VALUES (20,'Canada');
INSERT INTO country (country_id,country) VALUES (21,'Chad');
INSERT INTO country (country_id,country) VALUES (22,'Chile');
INSERT INTO country (country_id,country) VALUES (23,'China');
INSERT INTO country (country_id,country) VALUES (24,'Colombia');
INSERT INTO country (country_id,country) VALUES (25,'Congo, The Democratic Republic of the');
INSERT INTO country (country_id,country) VALUES (26,'Czech Republic');
INSERT INTO country (country_id,country) VALUES (27,'Dominican Republic');
INSERT INTO country (country_id,country) VALUES (28,'Ecuador');
INSERT INTO country (country_id,country) VALUES (29,'Egypt');
INSERT INTO country (country_id,country) VALUES (30,'Estonia');
INSERT INTO country (country_id,country) VALUES (31,'Ethiopia');
INSERT INTO country (country_id,country) VALUES (32,'Faroe Islands');
INSERT INTO country (country_id,country) VALUES (33,'Finland');
INSERT INTO country (country_id,country) VALUES (34,'France');
INSERT INTO country (country_id,country) VALUES (35,'French Guiana');
INSERT INTO country (country_id,country) VALUES (36,'French Polynesia');
INSERT INTO country (country_id,country) VALUES (37,'Gambia');
INSERT INTO country (country_id,country) VALUES (38,'Germany');
INSERT INTO country (country_id,country) VALUES (39,'Greece');
INSERT INTO country (country_id,country) VALUES (40,'Greenland');
INSERT INTO country (country_id,country) VALUES (41,'Holy See (Vatican City State)');
INSERT INTO country (country_id,country) VALUES (42,'Hong Kong');
INSERT INTO country (country_id,country) VALUES (43,'Hungary');
INSERT INTO country (country_id,country) VALUES (44,'India');
INSERT INTO country (country_id,country) VALUES (45,'Indonesia');
INSERT INTO country (country_id,country) VALUES (46,'Iran');
INSERT INTO country (country_id,country) VALUES (47,'Iraq');
INSERT INTO country (country_id,country) VALUES (48,'Israel');
INSERT INTO country (country_id,country) VALUES (49,'Italy');
INSERT INTO country (country_id,country) VALUES (50,'Japan');
INSERT INTO country (country_id,country) VALUES (51,'Kazakstan');
INSERT INTO country (country_id,country) VALUES (52,'Kenya');
INSERT INTO country (country_id,country) VALUES (53,'Kuwait');
INSERT INTO country (country_id,country) VALUES (54,'Latvia');
INSERT INTO country (country_id,country) VALUES (55,'Liechtenstein');
INSERT INTO country (country_id,country) VALUES (56,'Lithuania');
INSERT INTO country (country_id,country) VALUES (57,'Madagascar');
INSERT INTO country (country_id,country) VALUES (58,'Malawi');
INSERT INTO country (country_id,country) VALUES (59,'Malaysia');
INSERT INTO country (country_id,country) VALUES (60,'Mexico');
INSERT INTO country (country_id,country) VALUES (61,'Moldova');
INSERT INTO country (country_id,country) VALUES (62,'Morocco');
INSERT INTO country (country_id,country) VALUES (63,'Mozambique');
INSERT INTO country (country_id,country) VALUES (64,'Myanmar');
INSERT INTO country (country_id,country) VALUES (65,'Nauru');
INSERT INTO country (country_id,country) VALUES (66,'Nepal');
INSERT INTO country (country_id,country) VALUES (67,'Netherlands');
INSERT INTO country (country_id,country) VALUES (68,'New Zealand');
INSERT INTO country (country_id,country) VALUES (69,'Nigeria');
INSERT INTO country (country_id,country) VALUES (70,'North Korea');
INSERT INTO country (country_id,country) VALUES (71,'Oman');
INSERT INTO country (country_id,country) VALUES (72,'Pakistan');
INSERT INTO country (country_id,country) VALUES (73,'Paraguay');
INSERT INTO country (country_id,country) VALUES (74,'Peru');
INSERT INTO country (country_id,country) VALUES (75,'Philippines');
INSERT INTO country (country_id,country) VALUES (76,'Poland');
INSERT INTO country (country_id,country) VALUES (77,'Puerto Rico');
INSERT INTO country (country_id,country) VALUES (78,'Romania');
INSERT INTO country (country_id,country) VALUES (79,'Runion');
INSERT INTO country (country_id,country) VALUES (80,'Russian Federation');
INSERT INTO country (country_id,country) VALUES (81,'Saint Vincent and the Grenadines');
INSERT INTO country (country_id,country) VALUES (82,'Saudi Arabia');
INSERT INTO country (country_id,country) VALUES (83,'Senegal');
INSERT INTO country (country_id,country) VALUES (84,'Slovakia');
INSERT INTO country (country_id,country) VALUES (85,'South Africa');
INSERT INTO country (country_id,country) VALUES (86,'South Korea');
INSERT INTO country (country_id,country) VALUES (87,'Spain');
INSERT INTO country (country_id,country) VALUES (88,'Sri Lanka');
INSERT INTO country (country_id,country) VALUES (89,'Sudan');
INSERT INTO country (country_id,country) VALUES (90,'Sweden');
INSERT INTO country (country_id,country) VALUES (91,'Switzerland');
INSERT INTO country (country_id,country) VALUES (92,'Taiwan');
INSERT INTO country (country_id,country) VALUES (93,'Tanzania');
INSERT INTO country (country_id,country) VALUES (94,'Thailand');
INSERT INTO country (country_id,country) VALUES (95,'Tonga');
INSERT INTO country (country_id,country) VALUES (96,'Tunisia');
INSERT INTO country (country_id,country) VALUES (97,'Turkey');
INSERT INTO country (country_id,country) VALUES (98,'Turkmenistan');
INSERT INTO country (country_id,country) VALUES (99,'Tuvalu');
INSERT INTO country (country_id,country) VALUES (100,'Ukraine');
INSERT INTO country (country_id,country) VALUES (101,'United Arab Emirates');
INSERT INTO country (country_id,country) VALUES (102,'United Kingdom');
INSERT INTO country (country_id,country) VALUES (103,'United States');
INSERT INTO country (country_id,country) VALUES (104,'Venezuela');
INSERT INTO country (country_id,country) VALUES (105,'Vietnam');
INSERT INTO country (country_id,country) VALUES (106,'Virgin Islands, U.S.');
INSERT INTO country (country_id,country) VALUES (107,'Yemen');
INSERT INTO country (country_id,country) VALUES (108,'Yugoslavia');
INSERT INTO country (country_id,country) VALUES (109,'Zambia');




INSERT INTO city (city_id,city,country_id) VALUES (1,'A Corua (La Corua)',87);
INSERT INTO city (city_id,city,country_id) VALUES (2,'Abha',82);
INSERT INTO city (city_id,city,country_id) VALUES (3,'Abu Dhabi',101);
INSERT INTO city (city_id,city,country_id) VALUES (4,'Acua',60);
INSERT INTO city (city_id,city,country_id) VALUES (5,'Adana',97);
INSERT INTO city (city_id,city,country_id) VALUES (6,'Addis Abeba',31);
INSERT INTO city (city_id,city,country_id) VALUES (7,'Aden',107);
INSERT INTO city (city_id,city,country_id) VALUES (8,'Adoni',44);
INSERT INTO city (city_id,city,country_id) VALUES (9,'Ahmadnagar',44);
INSERT INTO city (city_id,city,country_id) VALUES (10,'Akishima',50);
INSERT INTO city (city_id,city,country_id) VALUES (11,'Akron',103);
INSERT INTO city (city_id,city,country_id) VALUES (12,'al-Ayn',101);
INSERT INTO city (city_id,city,country_id) VALUES (13,'al-Hawiya',82);
INSERT INTO city (city_id,city,country_id) VALUES (14,'al-Manama',11);
INSERT INTO city (city_id,city,country_id) VALUES (15,'al-Qadarif',89);
INSERT INTO city (city_id,city,country_id) VALUES (16,'al-Qatif',82);
INSERT INTO city (city_id,city,country_id) VALUES (17,'Alessandria',49);
INSERT INTO city (city_id,city,country_id) VALUES (18,'Allappuzha (Alleppey)',44);
INSERT INTO city (city_id,city,country_id) VALUES (19,'Allende',60);
INSERT INTO city (city_id,city,country_id) VALUES (20,'Almirante Brown',6);
INSERT INTO city (city_id,city,country_id) VALUES (21,'Alvorada',15);
INSERT INTO city (city_id,city,country_id) VALUES (22,'Ambattur',44);
INSERT INTO city (city_id,city,country_id) VALUES (23,'Amersfoort',67);
INSERT INTO city (city_id,city,country_id) VALUES (24,'Amroha',44);
INSERT INTO city (city_id,city,country_id) VALUES (25,'Angra dos Reis',15);
INSERT INTO city (city_id,city,country_id) VALUES (26,'Anpolis',15);
INSERT INTO city (city_id,city,country_id) VALUES (27,'Antofagasta',22);
INSERT INTO city (city_id,city,country_id) VALUES (28,'Aparecida de Goinia',15);
INSERT INTO city (city_id,city,country_id) VALUES (29,'Apeldoorn',67);
INSERT INTO city (city_id,city,country_id) VALUES (30,'Araatuba',15);
INSERT INTO city (city_id,city,country_id) VALUES (31,'Arak',46);
INSERT INTO city (city_id,city,country_id) VALUES (32,'Arecibo',77);
INSERT INTO city (city_id,city,country_id) VALUES (33,'Arlington',103);
INSERT INTO city (city_id,city,country_id) VALUES (34,'Ashdod',48);
INSERT INTO city (city_id,city,country_id) VALUES (35,'Ashgabat',98);
INSERT INTO city (city_id,city,country_id) VALUES (36,'Ashqelon',48);
INSERT INTO city (city_id,city,country_id) VALUES (37,'Asuncin',73);
INSERT INTO city (city_id,city,country_id) VALUES (38,'Athenai',39);
INSERT INTO city (city_id,city,country_id) VALUES (39,'Atinsk',80);
INSERT INTO city (city_id,city,country_id) VALUES (40,'Atlixco',60);
INSERT INTO city (city_id,city,country_id) VALUES (41,'Augusta-Richmond County',103);
INSERT INTO city (city_id,city,country_id) VALUES (42,'Aurora',103);
INSERT INTO city (city_id,city,country_id) VALUES (43,'Avellaneda',6);
INSERT INTO city (city_id,city,country_id) VALUES (44,'Bag',15);
INSERT INTO city (city_id,city,country_id) VALUES (45,'Baha Blanca',6);
INSERT INTO city (city_id,city,country_id) VALUES (46,'Baicheng',23);
INSERT INTO city (city_id,city,country_id) VALUES (47,'Baiyin',23);
INSERT INTO city (city_id,city,country_id) VALUES (48,'Baku',10);
INSERT INTO city (city_id,city,country_id) VALUES (49,'Balaiha',80);
INSERT INTO city (city_id,city,country_id) VALUES (50,'Balikesir',97);
INSERT INTO city (city_id,city,country_id) VALUES (51,'Balurghat',44);
INSERT INTO city (city_id,city,country_id) VALUES (52,'Bamenda',19);
INSERT INTO city (city_id,city,country_id) VALUES (53,'Bandar Seri Begawan',16);
INSERT INTO city (city_id,city,country_id) VALUES (54,'Banjul',37);
INSERT INTO city (city_id,city,country_id) VALUES (55,'Barcelona',104);
INSERT INTO city (city_id,city,country_id) VALUES (56,'Basel',91);
INSERT INTO city (city_id,city,country_id) VALUES (57,'Bat Yam',48);
INSERT INTO city (city_id,city,country_id) VALUES (58,'Batman',97);
INSERT INTO city (city_id,city,country_id) VALUES (59,'Batna',2);
INSERT INTO city (city_id,city,country_id) VALUES (60,'Battambang',18);
INSERT INTO city (city_id,city,country_id) VALUES (61,'Baybay',75);
INSERT INTO city (city_id,city,country_id) VALUES (62,'Bayugan',75);
INSERT INTO city (city_id,city,country_id) VALUES (63,'Bchar',2);
INSERT INTO city (city_id,city,country_id) VALUES (64,'Beira',63);
INSERT INTO city (city_id,city,country_id) VALUES (65,'Bellevue',103);
INSERT INTO city (city_id,city,country_id) VALUES (66,'Belm',15);
INSERT INTO city (city_id,city,country_id) VALUES (67,'Benguela',4);
INSERT INTO city (city_id,city,country_id) VALUES (68,'Beni-Mellal',62);
INSERT INTO city (city_id,city,country_id) VALUES (69,'Benin City',69);
INSERT INTO city (city_id,city,country_id) VALUES (70,'Bergamo',49);
INSERT INTO city (city_id,city,country_id) VALUES (71,'Berhampore (Baharampur)',44);
INSERT INTO city (city_id,city,country_id) VALUES (72,'Bern',91);
INSERT INTO city (city_id,city,country_id) VALUES (73,'Bhavnagar',44);
INSERT INTO city (city_id,city,country_id) VALUES (74,'Bhilwara',44);
INSERT INTO city (city_id,city,country_id) VALUES (75,'Bhimavaram',44);
INSERT INTO city (city_id,city,country_id) VALUES (76,'Bhopal',44);
INSERT INTO city (city_id,city,country_id) VALUES (77,'Bhusawal',44);
INSERT INTO city (city_id,city,country_id) VALUES (78,'Bijapur',44);
INSERT INTO city (city_id,city,country_id) VALUES (79,'Bilbays',29);
INSERT INTO city (city_id,city,country_id) VALUES (80,'Binzhou',23);
INSERT INTO city (city_id,city,country_id) VALUES (81,'Birgunj',66);
INSERT INTO city (city_id,city,country_id) VALUES (82,'Bislig',75);
INSERT INTO city (city_id,city,country_id) VALUES (83,'Blumenau',15);
INSERT INTO city (city_id,city,country_id) VALUES (84,'Boa Vista',15);
INSERT INTO city (city_id,city,country_id) VALUES (85,'Boksburg',85);
INSERT INTO city (city_id,city,country_id) VALUES (86,'Botosani',78);
INSERT INTO city (city_id,city,country_id) VALUES (87,'Botshabelo',85);
INSERT INTO city (city_id,city,country_id) VALUES (88,'Bradford',102);
INSERT INTO city (city_id,city,country_id) VALUES (89,'Braslia',15);
INSERT INTO city (city_id,city,country_id) VALUES (90,'Bratislava',84);
INSERT INTO city (city_id,city,country_id) VALUES (91,'Brescia',49);
INSERT INTO city (city_id,city,country_id) VALUES (92,'Brest',34);
INSERT INTO city (city_id,city,country_id) VALUES (93,'Brindisi',49);
INSERT INTO city (city_id,city,country_id) VALUES (94,'Brockton',103);
INSERT INTO city (city_id,city,country_id) VALUES (95,'Bucuresti',78);
INSERT INTO city (city_id,city,country_id) VALUES (96,'Buenaventura',24);
INSERT INTO city (city_id,city,country_id) VALUES (97,'Bydgoszcz',76);
INSERT INTO city (city_id,city,country_id) VALUES (98,'Cabuyao',75);
INSERT INTO city (city_id,city,country_id) VALUES (99,'Callao',74);
INSERT INTO city (city_id,city,country_id) VALUES (100,'Cam Ranh',105);
INSERT INTO city (city_id,city,country_id) VALUES (101,'Cape Coral',103);
INSERT INTO city (city_id,city,country_id) VALUES (102,'Caracas',104);
INSERT INTO city (city_id,city,country_id) VALUES (103,'Carmen',60);
INSERT INTO city (city_id,city,country_id) VALUES (104,'Cavite',75);
INSERT INTO city (city_id,city,country_id) VALUES (105,'Cayenne',35);
INSERT INTO city (city_id,city,country_id) VALUES (106,'Celaya',60);
INSERT INTO city (city_id,city,country_id) VALUES (107,'Chandrapur',44);
INSERT INTO city (city_id,city,country_id) VALUES (108,'Changhwa',92);
INSERT INTO city (city_id,city,country_id) VALUES (109,'Changzhou',23);
INSERT INTO city (city_id,city,country_id) VALUES (110,'Chapra',44);
INSERT INTO city (city_id,city,country_id) VALUES (111,'Charlotte Amalie',106);
INSERT INTO city (city_id,city,country_id) VALUES (112,'Chatsworth',85);
INSERT INTO city (city_id,city,country_id) VALUES (113,'Cheju',86);
INSERT INTO city (city_id,city,country_id) VALUES (114,'Chiayi',92);
INSERT INTO city (city_id,city,country_id) VALUES (115,'Chisinau',61);
INSERT INTO city (city_id,city,country_id) VALUES (116,'Chungho',92);
INSERT INTO city (city_id,city,country_id) VALUES (117,'Cianjur',45);
INSERT INTO city (city_id,city,country_id) VALUES (118,'Ciomas',45);
INSERT INTO city (city_id,city,country_id) VALUES (119,'Ciparay',45);
INSERT INTO city (city_id,city,country_id) VALUES (120,'Citrus Heights',103);
INSERT INTO city (city_id,city,country_id) VALUES (121,'Citt del Vaticano',41);
INSERT INTO city (city_id,city,country_id) VALUES (122,'Ciudad del Este',73);
INSERT INTO city (city_id,city,country_id) VALUES (123,'Clarksville',103);
INSERT INTO city (city_id,city,country_id) VALUES (124,'Coacalco de Berriozbal',60);
INSERT INTO city (city_id,city,country_id) VALUES (125,'Coatzacoalcos',60);
INSERT INTO city (city_id,city,country_id) VALUES (126,'Compton',103);
INSERT INTO city (city_id,city,country_id) VALUES (127,'Coquimbo',22);
INSERT INTO city (city_id,city,country_id) VALUES (128,'Crdoba',6);
INSERT INTO city (city_id,city,country_id) VALUES (129,'Cuauhtmoc',60);
INSERT INTO city (city_id,city,country_id) VALUES (130,'Cuautla',60);
INSERT INTO city (city_id,city,country_id) VALUES (131,'Cuernavaca',60);
INSERT INTO city (city_id,city,country_id) VALUES (132,'Cuman',104);
INSERT INTO city (city_id,city,country_id) VALUES (133,'Czestochowa',76);
INSERT INTO city (city_id,city,country_id) VALUES (134,'Dadu',72);
INSERT INTO city (city_id,city,country_id) VALUES (135,'Dallas',103);
INSERT INTO city (city_id,city,country_id) VALUES (136,'Datong',23);
INSERT INTO city (city_id,city,country_id) VALUES (137,'Daugavpils',54);
INSERT INTO city (city_id,city,country_id) VALUES (138,'Davao',75);
INSERT INTO city (city_id,city,country_id) VALUES (139,'Daxian',23);
INSERT INTO city (city_id,city,country_id) VALUES (140,'Dayton',103);
INSERT INTO city (city_id,city,country_id) VALUES (141,'Deba Habe',69);
INSERT INTO city (city_id,city,country_id) VALUES (142,'Denizli',97);
INSERT INTO city (city_id,city,country_id) VALUES (143,'Dhaka',12);
INSERT INTO city (city_id,city,country_id) VALUES (144,'Dhule (Dhulia)',44);
INSERT INTO city (city_id,city,country_id) VALUES (145,'Dongying',23);
INSERT INTO city (city_id,city,country_id) VALUES (146,'Donostia-San Sebastin',87);
INSERT INTO city (city_id,city,country_id) VALUES (147,'Dos Quebradas',24);
INSERT INTO city (city_id,city,country_id) VALUES (148,'Duisburg',38);
INSERT INTO city (city_id,city,country_id) VALUES (149,'Dundee',102);
INSERT INTO city (city_id,city,country_id) VALUES (150,'Dzerzinsk',80);
INSERT INTO city (city_id,city,country_id) VALUES (151,'Ede',67);
INSERT INTO city (city_id,city,country_id) VALUES (152,'Effon-Alaiye',69);
INSERT INTO city (city_id,city,country_id) VALUES (153,'El Alto',14);
INSERT INTO city (city_id,city,country_id) VALUES (154,'El Fuerte',60);
INSERT INTO city (city_id,city,country_id) VALUES (155,'El Monte',103);
INSERT INTO city (city_id,city,country_id) VALUES (156,'Elista',80);
INSERT INTO city (city_id,city,country_id) VALUES (157,'Emeishan',23);
INSERT INTO city (city_id,city,country_id) VALUES (158,'Emmen',67);
INSERT INTO city (city_id,city,country_id) VALUES (159,'Enshi',23);
INSERT INTO city (city_id,city,country_id) VALUES (160,'Erlangen',38);
INSERT INTO city (city_id,city,country_id) VALUES (161,'Escobar',6);
INSERT INTO city (city_id,city,country_id) VALUES (162,'Esfahan',46);
INSERT INTO city (city_id,city,country_id) VALUES (163,'Eskisehir',97);
INSERT INTO city (city_id,city,country_id) VALUES (164,'Etawah',44);
INSERT INTO city (city_id,city,country_id) VALUES (165,'Ezeiza',6);
INSERT INTO city (city_id,city,country_id) VALUES (166,'Ezhou',23);
INSERT INTO city (city_id,city,country_id) VALUES (167,'Faaa',36);
INSERT INTO city (city_id,city,country_id) VALUES (168,'Fengshan',92);
INSERT INTO city (city_id,city,country_id) VALUES (169,'Firozabad',44);
INSERT INTO city (city_id,city,country_id) VALUES (170,'Florencia',24);
INSERT INTO city (city_id,city,country_id) VALUES (171,'Fontana',103);
INSERT INTO city (city_id,city,country_id) VALUES (172,'Fukuyama',50);
INSERT INTO city (city_id,city,country_id) VALUES (173,'Funafuti',99);
INSERT INTO city (city_id,city,country_id) VALUES (174,'Fuyu',23);
INSERT INTO city (city_id,city,country_id) VALUES (175,'Fuzhou',23);
INSERT INTO city (city_id,city,country_id) VALUES (176,'Gandhinagar',44);
INSERT INTO city (city_id,city,country_id) VALUES (177,'Garden Grove',103);
INSERT INTO city (city_id,city,country_id) VALUES (178,'Garland',103);
INSERT INTO city (city_id,city,country_id) VALUES (179,'Gatineau',20);
INSERT INTO city (city_id,city,country_id) VALUES (180,'Gaziantep',97);
INSERT INTO city (city_id,city,country_id) VALUES (181,'Gijn',87);
INSERT INTO city (city_id,city,country_id) VALUES (182,'Gingoog',75);
INSERT INTO city (city_id,city,country_id) VALUES (183,'Goinia',15);
INSERT INTO city (city_id,city,country_id) VALUES (184,'Gorontalo',45);
INSERT INTO city (city_id,city,country_id) VALUES (185,'Grand Prairie',103);
INSERT INTO city (city_id,city,country_id) VALUES (186,'Graz',9);
INSERT INTO city (city_id,city,country_id) VALUES (187,'Greensboro',103);
INSERT INTO city (city_id,city,country_id) VALUES (188,'Guadalajara',60);
INSERT INTO city (city_id,city,country_id) VALUES (189,'Guaruj',15);
INSERT INTO city (city_id,city,country_id) VALUES (190,'guas Lindas de Gois',15);
INSERT INTO city (city_id,city,country_id) VALUES (191,'Gulbarga',44);
INSERT INTO city (city_id,city,country_id) VALUES (192,'Hagonoy',75);
INSERT INTO city (city_id,city,country_id) VALUES (193,'Haining',23);
INSERT INTO city (city_id,city,country_id) VALUES (194,'Haiphong',105);
INSERT INTO city (city_id,city,country_id) VALUES (195,'Haldia',44);
INSERT INTO city (city_id,city,country_id) VALUES (196,'Halifax',20);
INSERT INTO city (city_id,city,country_id) VALUES (197,'Halisahar',44);
INSERT INTO city (city_id,city,country_id) VALUES (198,'Halle/Saale',38);
INSERT INTO city (city_id,city,country_id) VALUES (199,'Hami',23);
INSERT INTO city (city_id,city,country_id) VALUES (200,'Hamilton',68);
INSERT INTO city (city_id,city,country_id) VALUES (201,'Hanoi',105);
INSERT INTO city (city_id,city,country_id) VALUES (202,'Hidalgo',60);
INSERT INTO city (city_id,city,country_id) VALUES (203,'Higashiosaka',50);
INSERT INTO city (city_id,city,country_id) VALUES (204,'Hino',50);
INSERT INTO city (city_id,city,country_id) VALUES (205,'Hiroshima',50);
INSERT INTO city (city_id,city,country_id) VALUES (206,'Hodeida',107);
INSERT INTO city (city_id,city,country_id) VALUES (207,'Hohhot',23);
INSERT INTO city (city_id,city,country_id) VALUES (208,'Hoshiarpur',44);
INSERT INTO city (city_id,city,country_id) VALUES (209,'Hsichuh',92);
INSERT INTO city (city_id,city,country_id) VALUES (210,'Huaian',23);
INSERT INTO city (city_id,city,country_id) VALUES (211,'Hubli-Dharwad',44);
INSERT INTO city (city_id,city,country_id) VALUES (212,'Huejutla de Reyes',60);
INSERT INTO city (city_id,city,country_id) VALUES (213,'Huixquilucan',60);
INSERT INTO city (city_id,city,country_id) VALUES (214,'Hunuco',74);
INSERT INTO city (city_id,city,country_id) VALUES (215,'Ibirit',15);
INSERT INTO city (city_id,city,country_id) VALUES (216,'Idfu',29);
INSERT INTO city (city_id,city,country_id) VALUES (217,'Ife',69);
INSERT INTO city (city_id,city,country_id) VALUES (218,'Ikerre',69);
INSERT INTO city (city_id,city,country_id) VALUES (219,'Iligan',75);
INSERT INTO city (city_id,city,country_id) VALUES (220,'Ilorin',69);
INSERT INTO city (city_id,city,country_id) VALUES (221,'Imus',75);
INSERT INTO city (city_id,city,country_id) VALUES (222,'Inegl',97);
INSERT INTO city (city_id,city,country_id) VALUES (223,'Ipoh',59);
INSERT INTO city (city_id,city,country_id) VALUES (224,'Isesaki',50);
INSERT INTO city (city_id,city,country_id) VALUES (225,'Ivanovo',80);
INSERT INTO city (city_id,city,country_id) VALUES (226,'Iwaki',50);
INSERT INTO city (city_id,city,country_id) VALUES (227,'Iwakuni',50);
INSERT INTO city (city_id,city,country_id) VALUES (228,'Iwatsuki',50);
INSERT INTO city (city_id,city,country_id) VALUES (229,'Izumisano',50);
INSERT INTO city (city_id,city,country_id) VALUES (230,'Jaffna',88);
INSERT INTO city (city_id,city,country_id) VALUES (231,'Jaipur',44);
INSERT INTO city (city_id,city,country_id) VALUES (232,'Jakarta',45);
INSERT INTO city (city_id,city,country_id) VALUES (233,'Jalib al-Shuyukh',53);
INSERT INTO city (city_id,city,country_id) VALUES (234,'Jamalpur',12);
INSERT INTO city (city_id,city,country_id) VALUES (235,'Jaroslavl',80);
INSERT INTO city (city_id,city,country_id) VALUES (236,'Jastrzebie-Zdrj',76);
INSERT INTO city (city_id,city,country_id) VALUES (237,'Jedda',82);
INSERT INTO city (city_id,city,country_id) VALUES (238,'Jelets',80);
INSERT INTO city (city_id,city,country_id) VALUES (239,'Jhansi',44);
INSERT INTO city (city_id,city,country_id) VALUES (240,'Jinchang',23);
INSERT INTO city (city_id,city,country_id) VALUES (241,'Jining',23);
INSERT INTO city (city_id,city,country_id) VALUES (242,'Jinzhou',23);
INSERT INTO city (city_id,city,country_id) VALUES (243,'Jodhpur',44);
INSERT INTO city (city_id,city,country_id) VALUES (244,'Johannesburg',85);
INSERT INTO city (city_id,city,country_id) VALUES (245,'Joliet',103);
INSERT INTO city (city_id,city,country_id) VALUES (246,'Jos Azueta',60);
INSERT INTO city (city_id,city,country_id) VALUES (247,'Juazeiro do Norte',15);
INSERT INTO city (city_id,city,country_id) VALUES (248,'Juiz de Fora',15);
INSERT INTO city (city_id,city,country_id) VALUES (249,'Junan',23);
INSERT INTO city (city_id,city,country_id) VALUES (250,'Jurez',60);
INSERT INTO city (city_id,city,country_id) VALUES (251,'Kabul',1);
INSERT INTO city (city_id,city,country_id) VALUES (252,'Kaduna',69);
INSERT INTO city (city_id,city,country_id) VALUES (253,'Kakamigahara',50);
INSERT INTO city (city_id,city,country_id) VALUES (254,'Kaliningrad',80);
INSERT INTO city (city_id,city,country_id) VALUES (255,'Kalisz',76);
INSERT INTO city (city_id,city,country_id) VALUES (256,'Kamakura',50);
INSERT INTO city (city_id,city,country_id) VALUES (257,'Kamarhati',44);
INSERT INTO city (city_id,city,country_id) VALUES (258,'Kamjanets-Podilskyi',100);
INSERT INTO city (city_id,city,country_id) VALUES (259,'Kamyin',80);
INSERT INTO city (city_id,city,country_id) VALUES (260,'Kanazawa',50);
INSERT INTO city (city_id,city,country_id) VALUES (261,'Kanchrapara',44);
INSERT INTO city (city_id,city,country_id) VALUES (262,'Kansas City',103);
INSERT INTO city (city_id,city,country_id) VALUES (263,'Karnal',44);
INSERT INTO city (city_id,city,country_id) VALUES (264,'Katihar',44);
INSERT INTO city (city_id,city,country_id) VALUES (265,'Kermanshah',46);
INSERT INTO city (city_id,city,country_id) VALUES (266,'Kilis',97);
INSERT INTO city (city_id,city,country_id) VALUES (267,'Kimberley',85);
INSERT INTO city (city_id,city,country_id) VALUES (268,'Kimchon',86);
INSERT INTO city (city_id,city,country_id) VALUES (269,'Kingstown',81);
INSERT INTO city (city_id,city,country_id) VALUES (270,'Kirovo-Tepetsk',80);
INSERT INTO city (city_id,city,country_id) VALUES (271,'Kisumu',52);
INSERT INTO city (city_id,city,country_id) VALUES (272,'Kitwe',109);
INSERT INTO city (city_id,city,country_id) VALUES (273,'Klerksdorp',85);
INSERT INTO city (city_id,city,country_id) VALUES (274,'Kolpino',80);
INSERT INTO city (city_id,city,country_id) VALUES (275,'Konotop',100);
INSERT INTO city (city_id,city,country_id) VALUES (276,'Koriyama',50);
INSERT INTO city (city_id,city,country_id) VALUES (277,'Korla',23);
INSERT INTO city (city_id,city,country_id) VALUES (278,'Korolev',80);
INSERT INTO city (city_id,city,country_id) VALUES (279,'Kowloon and New Kowloon',42);
INSERT INTO city (city_id,city,country_id) VALUES (280,'Kragujevac',108);
INSERT INTO city (city_id,city,country_id) VALUES (281,'Ktahya',97);
INSERT INTO city (city_id,city,country_id) VALUES (282,'Kuching',59);
INSERT INTO city (city_id,city,country_id) VALUES (283,'Kumbakonam',44);
INSERT INTO city (city_id,city,country_id) VALUES (284,'Kurashiki',50);
INSERT INTO city (city_id,city,country_id) VALUES (285,'Kurgan',80);
INSERT INTO city (city_id,city,country_id) VALUES (286,'Kursk',80);
INSERT INTO city (city_id,city,country_id) VALUES (287,'Kuwana',50);
INSERT INTO city (city_id,city,country_id) VALUES (288,'La Paz',60);
INSERT INTO city (city_id,city,country_id) VALUES (289,'La Plata',6);
INSERT INTO city (city_id,city,country_id) VALUES (290,'La Romana',27);
INSERT INTO city (city_id,city,country_id) VALUES (291,'Laiwu',23);
INSERT INTO city (city_id,city,country_id) VALUES (292,'Lancaster',103);
INSERT INTO city (city_id,city,country_id) VALUES (293,'Laohekou',23);
INSERT INTO city (city_id,city,country_id) VALUES (294,'Lapu-Lapu',75);
INSERT INTO city (city_id,city,country_id) VALUES (295,'Laredo',103);
INSERT INTO city (city_id,city,country_id) VALUES (296,'Lausanne',91);
INSERT INTO city (city_id,city,country_id) VALUES (297,'Le Mans',34);
INSERT INTO city (city_id,city,country_id) VALUES (298,'Lengshuijiang',23);
INSERT INTO city (city_id,city,country_id) VALUES (299,'Leshan',23);
INSERT INTO city (city_id,city,country_id) VALUES (300,'Lethbridge',20);
INSERT INTO city (city_id,city,country_id) VALUES (301,'Lhokseumawe',45);
INSERT INTO city (city_id,city,country_id) VALUES (302,'Liaocheng',23);
INSERT INTO city (city_id,city,country_id) VALUES (303,'Liepaja',54);
INSERT INTO city (city_id,city,country_id) VALUES (304,'Lilongwe',58);
INSERT INTO city (city_id,city,country_id) VALUES (305,'Lima',74);
INSERT INTO city (city_id,city,country_id) VALUES (306,'Lincoln',103);
INSERT INTO city (city_id,city,country_id) VALUES (307,'Linz',9);
INSERT INTO city (city_id,city,country_id) VALUES (308,'Lipetsk',80);
INSERT INTO city (city_id,city,country_id) VALUES (309,'Livorno',49);
INSERT INTO city (city_id,city,country_id) VALUES (310,'Ljubertsy',80);
INSERT INTO city (city_id,city,country_id) VALUES (311,'Loja',28);
INSERT INTO city (city_id,city,country_id) VALUES (312,'London',102);
INSERT INTO city (city_id,city,country_id) VALUES (313,'London',20);
INSERT INTO city (city_id,city,country_id) VALUES (314,'Lublin',76);
INSERT INTO city (city_id,city,country_id) VALUES (315,'Lubumbashi',25);
INSERT INTO city (city_id,city,country_id) VALUES (316,'Lungtan',92);
INSERT INTO city (city_id,city,country_id) VALUES (317,'Luzinia',15);
INSERT INTO city (city_id,city,country_id) VALUES (318,'Madiun',45);
INSERT INTO city (city_id,city,country_id) VALUES (319,'Mahajanga',57);
INSERT INTO city (city_id,city,country_id) VALUES (320,'Maikop',80);
INSERT INTO city (city_id,city,country_id) VALUES (321,'Malm',90);
INSERT INTO city (city_id,city,country_id) VALUES (322,'Manchester',103);
INSERT INTO city (city_id,city,country_id) VALUES (323,'Mandaluyong',75);
INSERT INTO city (city_id,city,country_id) VALUES (324,'Mandi Bahauddin',72);
INSERT INTO city (city_id,city,country_id) VALUES (325,'Mannheim',38);
INSERT INTO city (city_id,city,country_id) VALUES (326,'Maracabo',104);
INSERT INTO city (city_id,city,country_id) VALUES (327,'Mardan',72);
INSERT INTO city (city_id,city,country_id) VALUES (328,'Maring',15);
INSERT INTO city (city_id,city,country_id) VALUES (329,'Masqat',71);
INSERT INTO city (city_id,city,country_id) VALUES (330,'Matamoros',60);
INSERT INTO city (city_id,city,country_id) VALUES (331,'Matsue',50);
INSERT INTO city (city_id,city,country_id) VALUES (332,'Meixian',23);
INSERT INTO city (city_id,city,country_id) VALUES (333,'Memphis',103);
INSERT INTO city (city_id,city,country_id) VALUES (334,'Merlo',6);
INSERT INTO city (city_id,city,country_id) VALUES (335,'Mexicali',60);
INSERT INTO city (city_id,city,country_id) VALUES (336,'Miraj',44);
INSERT INTO city (city_id,city,country_id) VALUES (337,'Mit Ghamr',29);
INSERT INTO city (city_id,city,country_id) VALUES (338,'Miyakonojo',50);
INSERT INTO city (city_id,city,country_id) VALUES (339,'Mogiljov',13);
INSERT INTO city (city_id,city,country_id) VALUES (340,'Molodetno',13);
INSERT INTO city (city_id,city,country_id) VALUES (341,'Monclova',60);
INSERT INTO city (city_id,city,country_id) VALUES (342,'Monywa',64);
INSERT INTO city (city_id,city,country_id) VALUES (343,'Moscow',80);
INSERT INTO city (city_id,city,country_id) VALUES (344,'Mosul',47);
INSERT INTO city (city_id,city,country_id) VALUES (345,'Mukateve',100);
INSERT INTO city (city_id,city,country_id) VALUES (346,'Munger (Monghyr)',44);
INSERT INTO city (city_id,city,country_id) VALUES (347,'Mwanza',93);
INSERT INTO city (city_id,city,country_id) VALUES (348,'Mwene-Ditu',25);
INSERT INTO city (city_id,city,country_id) VALUES (349,'Myingyan',64);
INSERT INTO city (city_id,city,country_id) VALUES (350,'Mysore',44);
INSERT INTO city (city_id,city,country_id) VALUES (351,'Naala-Porto',63);
INSERT INTO city (city_id,city,country_id) VALUES (352,'Nabereznyje Telny',80);
INSERT INTO city (city_id,city,country_id) VALUES (353,'Nador',62);
INSERT INTO city (city_id,city,country_id) VALUES (354,'Nagaon',44);
INSERT INTO city (city_id,city,country_id) VALUES (355,'Nagareyama',50);
INSERT INTO city (city_id,city,country_id) VALUES (356,'Najafabad',46);
INSERT INTO city (city_id,city,country_id) VALUES (357,'Naju',86);
INSERT INTO city (city_id,city,country_id) VALUES (358,'Nakhon Sawan',94);
INSERT INTO city (city_id,city,country_id) VALUES (359,'Nam Dinh',105);
INSERT INTO city (city_id,city,country_id) VALUES (360,'Namibe',4);
INSERT INTO city (city_id,city,country_id) VALUES (361,'Nantou',92);
INSERT INTO city (city_id,city,country_id) VALUES (362,'Nanyang',23);
INSERT INTO city (city_id,city,country_id) VALUES (363,'NDjamna',21);
INSERT INTO city (city_id,city,country_id) VALUES (364,'Newcastle',85);
INSERT INTO city (city_id,city,country_id) VALUES (365,'Nezahualcyotl',60);
INSERT INTO city (city_id,city,country_id) VALUES (366,'Nha Trang',105);
INSERT INTO city (city_id,city,country_id) VALUES (367,'Niznekamsk',80);
INSERT INTO city (city_id,city,country_id) VALUES (368,'Novi Sad',108);
INSERT INTO city (city_id,city,country_id) VALUES (369,'Novoterkassk',80);
INSERT INTO city (city_id,city,country_id) VALUES (370,'Nukualofa',95);
INSERT INTO city (city_id,city,country_id) VALUES (371,'Nuuk',40);
INSERT INTO city (city_id,city,country_id) VALUES (372,'Nyeri',52);
INSERT INTO city (city_id,city,country_id) VALUES (373,'Ocumare del Tuy',104);
INSERT INTO city (city_id,city,country_id) VALUES (374,'Ogbomosho',69);
INSERT INTO city (city_id,city,country_id) VALUES (375,'Okara',72);
INSERT INTO city (city_id,city,country_id) VALUES (376,'Okayama',50);
INSERT INTO city (city_id,city,country_id) VALUES (377,'Okinawa',50);
INSERT INTO city (city_id,city,country_id) VALUES (378,'Olomouc',26);
INSERT INTO city (city_id,city,country_id) VALUES (379,'Omdurman',89);
INSERT INTO city (city_id,city,country_id) VALUES (380,'Omiya',50);
INSERT INTO city (city_id,city,country_id) VALUES (381,'Ondo',69);
INSERT INTO city (city_id,city,country_id) VALUES (382,'Onomichi',50);
INSERT INTO city (city_id,city,country_id) VALUES (383,'Oshawa',20);
INSERT INTO city (city_id,city,country_id) VALUES (384,'Osmaniye',97);
INSERT INTO city (city_id,city,country_id) VALUES (385,'ostka',100);
INSERT INTO city (city_id,city,country_id) VALUES (386,'Otsu',50);
INSERT INTO city (city_id,city,country_id) VALUES (387,'Oulu',33);
INSERT INTO city (city_id,city,country_id) VALUES (388,'Ourense (Orense)',87);
INSERT INTO city (city_id,city,country_id) VALUES (389,'Owo',69);
INSERT INTO city (city_id,city,country_id) VALUES (390,'Oyo',69);
INSERT INTO city (city_id,city,country_id) VALUES (391,'Ozamis',75);
INSERT INTO city (city_id,city,country_id) VALUES (392,'Paarl',85);
INSERT INTO city (city_id,city,country_id) VALUES (393,'Pachuca de Soto',60);
INSERT INTO city (city_id,city,country_id) VALUES (394,'Pak Kret',94);
INSERT INTO city (city_id,city,country_id) VALUES (395,'Palghat (Palakkad)',44);
INSERT INTO city (city_id,city,country_id) VALUES (396,'Pangkal Pinang',45);
INSERT INTO city (city_id,city,country_id) VALUES (397,'Papeete',36);
INSERT INTO city (city_id,city,country_id) VALUES (398,'Parbhani',44);
INSERT INTO city (city_id,city,country_id) VALUES (399,'Pathankot',44);
INSERT INTO city (city_id,city,country_id) VALUES (400,'Patiala',44);
INSERT INTO city (city_id,city,country_id) VALUES (401,'Patras',39);
INSERT INTO city (city_id,city,country_id) VALUES (402,'Pavlodar',51);
INSERT INTO city (city_id,city,country_id) VALUES (403,'Pemalang',45);
INSERT INTO city (city_id,city,country_id) VALUES (404,'Peoria',103);
INSERT INTO city (city_id,city,country_id) VALUES (405,'Pereira',24);
INSERT INTO city (city_id,city,country_id) VALUES (406,'Phnom Penh',18);
INSERT INTO city (city_id,city,country_id) VALUES (407,'Pingxiang',23);
INSERT INTO city (city_id,city,country_id) VALUES (408,'Pjatigorsk',80);
INSERT INTO city (city_id,city,country_id) VALUES (409,'Plock',76);
INSERT INTO city (city_id,city,country_id) VALUES (410,'Po',15);
INSERT INTO city (city_id,city,country_id) VALUES (411,'Ponce',77);
INSERT INTO city (city_id,city,country_id) VALUES (412,'Pontianak',45);
INSERT INTO city (city_id,city,country_id) VALUES (413,'Poos de Caldas',15);
INSERT INTO city (city_id,city,country_id) VALUES (414,'Portoviejo',28);
INSERT INTO city (city_id,city,country_id) VALUES (415,'Probolinggo',45);
INSERT INTO city (city_id,city,country_id) VALUES (416,'Pudukkottai',44);
INSERT INTO city (city_id,city,country_id) VALUES (417,'Pune',44);
INSERT INTO city (city_id,city,country_id) VALUES (418,'Purnea (Purnia)',44);
INSERT INTO city (city_id,city,country_id) VALUES (419,'Purwakarta',45);
INSERT INTO city (city_id,city,country_id) VALUES (420,'Pyongyang',70);
INSERT INTO city (city_id,city,country_id) VALUES (421,'Qalyub',29);
INSERT INTO city (city_id,city,country_id) VALUES (422,'Qinhuangdao',23);
INSERT INTO city (city_id,city,country_id) VALUES (423,'Qomsheh',46);
INSERT INTO city (city_id,city,country_id) VALUES (424,'Quilmes',6);
INSERT INTO city (city_id,city,country_id) VALUES (425,'Rae Bareli',44);
INSERT INTO city (city_id,city,country_id) VALUES (426,'Rajkot',44);
INSERT INTO city (city_id,city,country_id) VALUES (427,'Rampur',44);
INSERT INTO city (city_id,city,country_id) VALUES (428,'Rancagua',22);
INSERT INTO city (city_id,city,country_id) VALUES (429,'Ranchi',44);
INSERT INTO city (city_id,city,country_id) VALUES (430,'Richmond Hill',20);
INSERT INTO city (city_id,city,country_id) VALUES (431,'Rio Claro',15);
INSERT INTO city (city_id,city,country_id) VALUES (432,'Rizhao',23);
INSERT INTO city (city_id,city,country_id) VALUES (433,'Roanoke',103);
INSERT INTO city (city_id,city,country_id) VALUES (434,'Robamba',28);
INSERT INTO city (city_id,city,country_id) VALUES (435,'Rockford',103);
INSERT INTO city (city_id,city,country_id) VALUES (436,'Ruse',17);
INSERT INTO city (city_id,city,country_id) VALUES (437,'Rustenburg',85);
INSERT INTO city (city_id,city,country_id) VALUES (438,'s-Hertogenbosch',67);
INSERT INTO city (city_id,city,country_id) VALUES (439,'Saarbrcken',38);
INSERT INTO city (city_id,city,country_id) VALUES (440,'Sagamihara',50);
INSERT INTO city (city_id,city,country_id) VALUES (441,'Saint Louis',103);
INSERT INTO city (city_id,city,country_id) VALUES (442,'Saint-Denis',79);
INSERT INTO city (city_id,city,country_id) VALUES (443,'Sal',62);
INSERT INTO city (city_id,city,country_id) VALUES (444,'Salala',71);
INSERT INTO city (city_id,city,country_id) VALUES (445,'Salamanca',60);
INSERT INTO city (city_id,city,country_id) VALUES (446,'Salinas',103);
INSERT INTO city (city_id,city,country_id) VALUES (447,'Salzburg',9);
INSERT INTO city (city_id,city,country_id) VALUES (448,'Sambhal',44);
INSERT INTO city (city_id,city,country_id) VALUES (449,'San Bernardino',103);
INSERT INTO city (city_id,city,country_id) VALUES (450,'San Felipe de Puerto Plata',27);
INSERT INTO city (city_id,city,country_id) VALUES (451,'San Felipe del Progreso',60);
INSERT INTO city (city_id,city,country_id) VALUES (452,'San Juan Bautista Tuxtepec',60);
INSERT INTO city (city_id,city,country_id) VALUES (453,'San Lorenzo',73);
INSERT INTO city (city_id,city,country_id) VALUES (454,'San Miguel de Tucumn',6);
INSERT INTO city (city_id,city,country_id) VALUES (455,'Sanaa',107);
INSERT INTO city (city_id,city,country_id) VALUES (456,'Santa Brbara dOeste',15);
INSERT INTO city (city_id,city,country_id) VALUES (457,'Santa F',6);
INSERT INTO city (city_id,city,country_id) VALUES (458,'Santa Rosa',75);
INSERT INTO city (city_id,city,country_id) VALUES (459,'Santiago de Compostela',87);
INSERT INTO city (city_id,city,country_id) VALUES (460,'Santiago de los Caballeros',27);
INSERT INTO city (city_id,city,country_id) VALUES (461,'Santo Andr',15);
INSERT INTO city (city_id,city,country_id) VALUES (462,'Sanya',23);
INSERT INTO city (city_id,city,country_id) VALUES (463,'Sasebo',50);
INSERT INTO city (city_id,city,country_id) VALUES (464,'Satna',44);
INSERT INTO city (city_id,city,country_id) VALUES (465,'Sawhaj',29);
INSERT INTO city (city_id,city,country_id) VALUES (466,'Serpuhov',80);
INSERT INTO city (city_id,city,country_id) VALUES (467,'Shahr-e Kord',46);
INSERT INTO city (city_id,city,country_id) VALUES (468,'Shanwei',23);
INSERT INTO city (city_id,city,country_id) VALUES (469,'Shaoguan',23);
INSERT INTO city (city_id,city,country_id) VALUES (470,'Sharja',101);
INSERT INTO city (city_id,city,country_id) VALUES (471,'Shenzhen',23);
INSERT INTO city (city_id,city,country_id) VALUES (472,'Shikarpur',72);
INSERT INTO city (city_id,city,country_id) VALUES (473,'Shimoga',44);
INSERT INTO city (city_id,city,country_id) VALUES (474,'Shimonoseki',50);
INSERT INTO city (city_id,city,country_id) VALUES (475,'Shivapuri',44);
INSERT INTO city (city_id,city,country_id) VALUES (476,'Shubra al-Khayma',29);
INSERT INTO city (city_id,city,country_id) VALUES (477,'Siegen',38);
INSERT INTO city (city_id,city,country_id) VALUES (478,'Siliguri (Shiliguri)',44);
INSERT INTO city (city_id,city,country_id) VALUES (479,'Simferopol',100);
INSERT INTO city (city_id,city,country_id) VALUES (480,'Sincelejo',24);
INSERT INTO city (city_id,city,country_id) VALUES (481,'Sirjan',46);
INSERT INTO city (city_id,city,country_id) VALUES (482,'Sivas',97);
INSERT INTO city (city_id,city,country_id) VALUES (483,'Skikda',2);
INSERT INTO city (city_id,city,country_id) VALUES (484,'Smolensk',80);
INSERT INTO city (city_id,city,country_id) VALUES (485,'So Bernardo do Campo',15);
INSERT INTO city (city_id,city,country_id) VALUES (486,'So Leopoldo',15);
INSERT INTO city (city_id,city,country_id) VALUES (487,'Sogamoso',24);
INSERT INTO city (city_id,city,country_id) VALUES (488,'Sokoto',69);
INSERT INTO city (city_id,city,country_id) VALUES (489,'Songkhla',94);
INSERT INTO city (city_id,city,country_id) VALUES (490,'Sorocaba',15);
INSERT INTO city (city_id,city,country_id) VALUES (491,'Soshanguve',85);
INSERT INTO city (city_id,city,country_id) VALUES (492,'Sousse',96);
INSERT INTO city (city_id,city,country_id) VALUES (493,'South Hill',5);
INSERT INTO city (city_id,city,country_id) VALUES (494,'Southampton',102);
INSERT INTO city (city_id,city,country_id) VALUES (495,'Southend-on-Sea',102);
INSERT INTO city (city_id,city,country_id) VALUES (496,'Southport',102);
INSERT INTO city (city_id,city,country_id) VALUES (497,'Springs',85);
INSERT INTO city (city_id,city,country_id) VALUES (498,'Stara Zagora',17);
INSERT INTO city (city_id,city,country_id) VALUES (499,'Sterling Heights',103);
INSERT INTO city (city_id,city,country_id) VALUES (500,'Stockport',102);
INSERT INTO city (city_id,city,country_id) VALUES (501,'Sucre',14);
INSERT INTO city (city_id,city,country_id) VALUES (502,'Suihua',23);
INSERT INTO city (city_id,city,country_id) VALUES (503,'Sullana',74);
INSERT INTO city (city_id,city,country_id) VALUES (504,'Sultanbeyli',97);
INSERT INTO city (city_id,city,country_id) VALUES (505,'Sumqayit',10);
INSERT INTO city (city_id,city,country_id) VALUES (506,'Sumy',100);
INSERT INTO city (city_id,city,country_id) VALUES (507,'Sungai Petani',59);
INSERT INTO city (city_id,city,country_id) VALUES (508,'Sunnyvale',103);
INSERT INTO city (city_id,city,country_id) VALUES (509,'Surakarta',45);
INSERT INTO city (city_id,city,country_id) VALUES (510,'Syktyvkar',80);
INSERT INTO city (city_id,city,country_id) VALUES (511,'Syrakusa',49);
INSERT INTO city (city_id,city,country_id) VALUES (512,'Szkesfehrvr',43);
INSERT INTO city (city_id,city,country_id) VALUES (513,'Tabora',93);
INSERT INTO city (city_id,city,country_id) VALUES (514,'Tabriz',46);
INSERT INTO city (city_id,city,country_id) VALUES (515,'Tabuk',82);
INSERT INTO city (city_id,city,country_id) VALUES (516,'Tafuna',3);
INSERT INTO city (city_id,city,country_id) VALUES (517,'Taguig',75);
INSERT INTO city (city_id,city,country_id) VALUES (518,'Taizz',107);
INSERT INTO city (city_id,city,country_id) VALUES (519,'Talavera',75);
INSERT INTO city (city_id,city,country_id) VALUES (520,'Tallahassee',103);
INSERT INTO city (city_id,city,country_id) VALUES (521,'Tama',50);
INSERT INTO city (city_id,city,country_id) VALUES (522,'Tambaram',44);
INSERT INTO city (city_id,city,country_id) VALUES (523,'Tanauan',75);
INSERT INTO city (city_id,city,country_id) VALUES (524,'Tandil',6);
INSERT INTO city (city_id,city,country_id) VALUES (525,'Tangail',12);
INSERT INTO city (city_id,city,country_id) VALUES (526,'Tanshui',92);
INSERT INTO city (city_id,city,country_id) VALUES (527,'Tanza',75);
INSERT INTO city (city_id,city,country_id) VALUES (528,'Tarlac',75);
INSERT INTO city (city_id,city,country_id) VALUES (529,'Tarsus',97);
INSERT INTO city (city_id,city,country_id) VALUES (530,'Tartu',30);
INSERT INTO city (city_id,city,country_id) VALUES (531,'Teboksary',80);
INSERT INTO city (city_id,city,country_id) VALUES (532,'Tegal',45);
INSERT INTO city (city_id,city,country_id) VALUES (533,'Tel Aviv-Jaffa',48);
INSERT INTO city (city_id,city,country_id) VALUES (534,'Tete',63);
INSERT INTO city (city_id,city,country_id) VALUES (535,'Tianjin',23);
INSERT INTO city (city_id,city,country_id) VALUES (536,'Tiefa',23);
INSERT INTO city (city_id,city,country_id) VALUES (537,'Tieli',23);
INSERT INTO city (city_id,city,country_id) VALUES (538,'Tokat',97);
INSERT INTO city (city_id,city,country_id) VALUES (539,'Tonghae',86);
INSERT INTO city (city_id,city,country_id) VALUES (540,'Tongliao',23);
INSERT INTO city (city_id,city,country_id) VALUES (541,'Torren',60);
INSERT INTO city (city_id,city,country_id) VALUES (542,'Touliu',92);
INSERT INTO city (city_id,city,country_id) VALUES (543,'Toulon',34);
INSERT INTO city (city_id,city,country_id) VALUES (544,'Toulouse',34);
INSERT INTO city (city_id,city,country_id) VALUES (545,'Trshavn',32);
INSERT INTO city (city_id,city,country_id) VALUES (546,'Tsaotun',92);
INSERT INTO city (city_id,city,country_id) VALUES (547,'Tsuyama',50);
INSERT INTO city (city_id,city,country_id) VALUES (548,'Tuguegarao',75);
INSERT INTO city (city_id,city,country_id) VALUES (549,'Tychy',76);
INSERT INTO city (city_id,city,country_id) VALUES (550,'Udaipur',44);
INSERT INTO city (city_id,city,country_id) VALUES (551,'Udine',49);
INSERT INTO city (city_id,city,country_id) VALUES (552,'Ueda',50);
INSERT INTO city (city_id,city,country_id) VALUES (553,'Uijongbu',86);
INSERT INTO city (city_id,city,country_id) VALUES (554,'Uluberia',44);
INSERT INTO city (city_id,city,country_id) VALUES (555,'Urawa',50);
INSERT INTO city (city_id,city,country_id) VALUES (556,'Uruapan',60);
INSERT INTO city (city_id,city,country_id) VALUES (557,'Usak',97);
INSERT INTO city (city_id,city,country_id) VALUES (558,'Usolje-Sibirskoje',80);
INSERT INTO city (city_id,city,country_id) VALUES (559,'Uttarpara-Kotrung',44);
INSERT INTO city (city_id,city,country_id) VALUES (560,'Vaduz',55);
INSERT INTO city (city_id,city,country_id) VALUES (561,'Valencia',104);
INSERT INTO city (city_id,city,country_id) VALUES (562,'Valle de la Pascua',104);
INSERT INTO city (city_id,city,country_id) VALUES (563,'Valle de Santiago',60);
INSERT INTO city (city_id,city,country_id) VALUES (564,'Valparai',44);
INSERT INTO city (city_id,city,country_id) VALUES (565,'Vancouver',20);
INSERT INTO city (city_id,city,country_id) VALUES (566,'Varanasi (Benares)',44);
INSERT INTO city (city_id,city,country_id) VALUES (567,'Vicente Lpez',6);
INSERT INTO city (city_id,city,country_id) VALUES (568,'Vijayawada',44);
INSERT INTO city (city_id,city,country_id) VALUES (569,'Vila Velha',15);
INSERT INTO city (city_id,city,country_id) VALUES (570,'Vilnius',56);
INSERT INTO city (city_id,city,country_id) VALUES (571,'Vinh',105);
INSERT INTO city (city_id,city,country_id) VALUES (572,'Vitria de Santo Anto',15);
INSERT INTO city (city_id,city,country_id) VALUES (573,'Warren',103);
INSERT INTO city (city_id,city,country_id) VALUES (574,'Weifang',23);
INSERT INTO city (city_id,city,country_id) VALUES (575,'Witten',38);
INSERT INTO city (city_id,city,country_id) VALUES (576,'Woodridge',8);
INSERT INTO city (city_id,city,country_id) VALUES (577,'Wroclaw',76);
INSERT INTO city (city_id,city,country_id) VALUES (578,'Xiangfan',23);
INSERT INTO city (city_id,city,country_id) VALUES (579,'Xiangtan',23);
INSERT INTO city (city_id,city,country_id) VALUES (580,'Xintai',23);
INSERT INTO city (city_id,city,country_id) VALUES (581,'Xinxiang',23);
INSERT INTO city (city_id,city,country_id) VALUES (582,'Yamuna Nagar',44);
INSERT INTO city (city_id,city,country_id) VALUES (583,'Yangor',65);
INSERT INTO city (city_id,city,country_id) VALUES (584,'Yantai',23);
INSERT INTO city (city_id,city,country_id) VALUES (585,'Yaound',19);
INSERT INTO city (city_id,city,country_id) VALUES (586,'Yerevan',7);
INSERT INTO city (city_id,city,country_id) VALUES (587,'Yinchuan',23);
INSERT INTO city (city_id,city,country_id) VALUES (588,'Yingkou',23);
INSERT INTO city (city_id,city,country_id) VALUES (589,'York',102);
INSERT INTO city (city_id,city,country_id) VALUES (590,'Yuncheng',23);
INSERT INTO city (city_id,city,country_id) VALUES (591,'Yuzhou',23);
INSERT INTO city (city_id,city,country_id) VALUES (592,'Zalantun',23);
INSERT INTO city (city_id,city,country_id) VALUES (593,'Zanzibar',93);
INSERT INTO city (city_id,city,country_id) VALUES (594,'Zaoyang',23);
INSERT INTO city (city_id,city,country_id) VALUES (595,'Zapopan',60);
INSERT INTO city (city_id,city,country_id) VALUES (596,'Zaria',69);
INSERT INTO city (city_id,city,country_id) VALUES (597,'Zeleznogorsk',80);
INSERT INTO city (city_id,city,country_id) VALUES (598,'Zhezqazghan',51);
INSERT INTO city (city_id,city,country_id) VALUES (599,'Zhoushan',23);
INSERT INTO city (city_id,city,country_id) VALUES (600,'Ziguinchor',83);

INSERT INTO address (address_id,address,address2,district,city_id,postal_code,phone) VALUES (1,'47 MySakila Drive',null,'Alberta',300,'','');
INSERT INTO address (address_id,address,address2,district,city_id,postal_code,phone) VALUES (2,'28 MySQL Boulevard',null,'QLD',576,'','');
INSERT INTO address (address_id,address,address2,district,city_id,postal_code,phone) VALUES (3,'23 Workhaven Lane',null,'Alberta',300,'','14033335568');
INSERT INTO address (address_id,address,address2,district,city_id,postal_code,phone) VALUES (4,'1411 Lillydale Drive',null,'QLD',576,'','6172235589');
INSERT INTO address (address_id,address,address2,district,city_id,postal_code,phone) VALUES (5,'1913 Hanoi Way','','Nagasaki',463,'35200','28303384290');
INSERT INTO address (address_id,address,address2,district,city_id,postal_code,phone) VALUES (6,'1121 Loja Avenue','','California',449,'17886','838635286649');
INSERT INTO address (address_id,address,address2,district,city_id,postal_code,phone) VALUES (7,'692 Joliet Street','','Attika',38,'83579','448477190408');
INSERT INTO address (address_id,address,address2,district,city_id,postal_code,phone) VALUES (8,'1566 Inegl Manor','','Mandalay',349,'53561','705814003527');
INSERT INTO address (address_id,address,address2,district,city_id,postal_code,phone) VALUES (9,'53 Idfu Parkway','','Nantou',361,'42399','10655648674');
INSERT INTO address (address_id,address,address2,district,city_id,postal_code,phone) VALUES (10,'1795 Santiago de Compostela Way','','Texas',295,'18743','860452626434');
INSERT INTO address (address_id,address,address2,district,city_id,postal_code,phone) VALUES (11,'900 Santiago de Compostela Parkway','','Central Serbia',280,'93896','716571220373');
INSERT INTO address (address_id,address,address2,district,city_id,postal_code,phone) VALUES (12,'478 Joliet Way','','Hamilton',200,'77948','657282285970');
INSERT INTO address (address_id,address,address2,district,city_id,postal_code,phone) VALUES (13,'613 Korolev Drive','','Masqat',329,'45844','380657522649');
INSERT INTO address (address_id,address,address2,district,city_id,postal_code,phone) VALUES (14,'1531 Sal Drive','','Esfahan',162,'53628','648856936185');
INSERT INTO address (address_id,address,address2,district,city_id,postal_code,phone) VALUES (15,'1542 Tarlac Parkway','','Kanagawa',440,'1027','635297277345');
INSERT INTO address (address_id,address,address2,district,city_id,postal_code,phone) VALUES (16,'808 Bhopal Manor','','Haryana',582,'10672','465887807014');
INSERT INTO address (address_id,address,address2,district,city_id,postal_code,phone) VALUES (17,'270 Amroha Parkway','','Osmaniye',384,'29610','695479687538');
INSERT INTO address (address_id,address,address2,district,city_id,postal_code,phone) VALUES (18,'770 Bydgoszcz Avenue','','California',120,'16266','517338314235');
INSERT INTO address (address_id,address,address2,district,city_id,postal_code,phone) VALUES (19,'419 Iligan Lane','','Madhya Pradesh',76,'72878','990911107354');
INSERT INTO address (address_id,address,address2,district,city_id,postal_code,phone) VALUES (20,'360 Toulouse Parkway','','England',495,'54308','949312333307');
INSERT INTO address (address_id,address,address2,district,city_id,postal_code,phone) VALUES (21,'270 Toulon Boulevard','','Kalmykia',156,'81766','407752414682');
INSERT INTO address (address_id,address,address2,district,city_id,postal_code,phone) VALUES (22,'320 Brest Avenue','','Kaduna',252,'43331','747791594069');
INSERT INTO address (address_id,address,address2,district,city_id,postal_code,phone) VALUES (23,'1417 Lancaster Avenue','','Northern Cape',267,'72192','272572357893');
INSERT INTO address (address_id,address,address2,district,city_id,postal_code,phone) VALUES (24,'1688 Okara Way','','Nothwest Border Prov',327,'21954','144453869132');
INSERT INTO address (address_id,address,address2,district,city_id,postal_code,phone) VALUES (25,'262 A Corua (La Corua) Parkway','','Dhaka',525,'34418','892775750063');
INSERT INTO address (address_id,address,address2,district,city_id,postal_code,phone) VALUES (26,'28 Charlotte Amalie Street','','Rabat-Sal-Zammour-Z',443,'37551','161968374323');
INSERT INTO address (address_id,address,address2,district,city_id,postal_code,phone) VALUES (27,'1780 Hino Boulevard','','Liepaja',303,'7716','902731229323');
INSERT INTO address (address_id,address,address2,district,city_id,postal_code,phone) VALUES (28,'96 Tafuna Way','','Crdoba',128,'99865','934730187245');
INSERT INTO address (address_id,address,address2,district,city_id,postal_code,phone) VALUES (29,'934 San Felipe de Puerto Plata Street','','Sind',472,'99780','196495945706');
INSERT INTO address (address_id,address,address2,district,city_id,postal_code,phone) VALUES (30,'18 Duisburg Boulevard','','',121,'58327','998009777982');
INSERT INTO address (address_id,address,address2,district,city_id,postal_code,phone) VALUES (31,'217 Botshabelo Place','','Southern Mindanao',138,'49521','665356572025');
INSERT INTO address (address_id,address,address2,district,city_id,postal_code,phone) VALUES (32,'1425 Shikarpur Manor','','Bihar',346,'65599','678220867005');
INSERT INTO address (address_id,address,address2,district,city_id,postal_code,phone) VALUES (33,'786 Aurora Avenue','','Yamaguchi',474,'65750','18461860151');
INSERT INTO address (address_id,address,address2,district,city_id,postal_code,phone) VALUES (34,'1668 Anpolis Street','','Taipei',316,'50199','525255540978');
INSERT INTO address (address_id,address,address2,district,city_id,postal_code,phone) VALUES (35,'33 Gorontalo Way','','West Bengali',257,'30348','745994947458');
INSERT INTO address (address_id,address,address2,district,city_id,postal_code,phone) VALUES (36,'176 Mandaluyong Place','','Uttar Pradesh',239,'65213','627705991774');
INSERT INTO address (address_id,address,address2,district,city_id,postal_code,phone) VALUES (37,'127 Purnea (Purnia) Manor','','Piemonte',17,'79388','911872220378');
INSERT INTO address (address_id,address,address2,district,city_id,postal_code,phone) VALUES (38,'61 Tama Street','','Okayama',284,'94065','708403338270');
INSERT INTO address (address_id,address,address2,district,city_id,postal_code,phone) VALUES (39,'391 Callao Drive','','Midi-Pyrnes',544,'34021','440512153169');
INSERT INTO address (address_id,address,address2,district,city_id,postal_code,phone) VALUES (40,'334 Munger (Monghyr) Lane','','Markazi',31,'38145','481183273622');
INSERT INTO address (address_id,address,address2,district,city_id,postal_code,phone) VALUES (41,'1440 Fukuyama Loop','','Henan',362,'47929','912257250465');
INSERT INTO address (address_id,address,address2,district,city_id,postal_code,phone) VALUES (42,'269 Cam Ranh Parkway','','Chisinau',115,'34689','489783829737');
INSERT INTO address (address_id,address,address2,district,city_id,postal_code,phone) VALUES (43,'306 Antofagasta Place','','Esprito Santo',569,'3989','378318851631');
INSERT INTO address (address_id,address,address2,district,city_id,postal_code,phone) VALUES (44,'671 Graz Street','','Oriental',353,'94399','680768868518');
INSERT INTO address (address_id,address,address2,district,city_id,postal_code,phone) VALUES (45,'42 Brindisi Place','','Yerevan',586,'16744','42384721397');
INSERT INTO address (address_id,address,address2,district,city_id,postal_code,phone) VALUES (46,'1632 Bislig Avenue','','Nonthaburi',394,'61117','471675840679');
INSERT INTO address (address_id,address,address2,district,city_id,postal_code,phone) VALUES (47,'1447 Imus Way','','Tahiti',167,'48942','539758313890');
INSERT INTO address (address_id,address,address2,district,city_id,postal_code,phone) VALUES (48,'1998 Halifax Drive','','Lipetsk',308,'76022','177727722820');
INSERT INTO address (address_id,address,address2,district,city_id,postal_code,phone) VALUES (49,'1718 Valencia Street','','Antofagasta',27,'37359','675292816413');
INSERT INTO address (address_id,address,address2,district,city_id,postal_code,phone) VALUES (50,'46 Pjatigorsk Lane','','Moscow (City)',343,'23616','262076994845');
INSERT INTO address (address_id,address,address2,district,city_id,postal_code,phone) VALUES (51,'686 Garland Manor','','Cear',247,'52535','69493378813');
INSERT INTO address (address_id,address,address2,district,city_id,postal_code,phone) VALUES (52,'909 Garland Manor','','Tatarstan',367,'69367','705800322606');
INSERT INTO address (address_id,address,address2,district,city_id,postal_code,phone) VALUES (53,'725 Isesaki Place','','Mekka',237,'74428','876295323994');
INSERT INTO address (address_id,address,address2,district,city_id,postal_code,phone) VALUES (54,'115 Hidalgo Parkway','','Khartum',379,'80168','307703950263');
INSERT INTO address (address_id,address,address2,district,city_id,postal_code,phone) VALUES (55,'1135 Izumisano Parkway','','California',171,'48150','171822533480');
INSERT INTO address (address_id,address,address2,district,city_id,postal_code,phone) VALUES (56,'939 Probolinggo Loop','','Galicia',1,'4166','680428310138');
INSERT INTO address (address_id,address,address2,district,city_id,postal_code,phone) VALUES (57,'17 Kabul Boulevard','','Chiba',355,'38594','697760867968');
INSERT INTO address (address_id,address,address2,district,city_id,postal_code,phone) VALUES (58,'1964 Allappuzha (Alleppey) Street','','Yamaguchi',227,'48980','920811325222');
INSERT INTO address (address_id,address,address2,district,city_id,postal_code,phone) VALUES (59,'1697 Kowloon and New Kowloon Loop','','Moskova',49,'57807','499352017190');
INSERT INTO address (address_id,address,address2,district,city_id,postal_code,phone) VALUES (60,'1668 Saint Louis Place','','Tahiti',397,'39072','347487831378');
INSERT INTO address (address_id,address,address2,district,city_id,postal_code,phone) VALUES (61,'943 Tokat Street','','Vaduz',560,'45428','889318963672');
INSERT INTO address (address_id,address,address2,district,city_id,postal_code,phone) VALUES (62,'1114 Liepaja Street','','Sarawak',282,'69226','212869228936');
INSERT INTO address (address_id,address,address2,district,city_id,postal_code,phone) VALUES (63,'1213 Ranchi Parkway','','Karnataka',350,'94352','800024380485');
INSERT INTO address (address_id,address,address2,district,city_id,postal_code,phone) VALUES (64,'81 Hodeida Way','','Rajasthan',231,'55561','250767749542');
INSERT INTO address (address_id,address,address2,district,city_id,postal_code,phone) VALUES (65,'915 Ponce Place','','Basel-Stadt',56,'83980','1395251317');
INSERT INTO address (address_id,address,address2,district,city_id,postal_code,phone) VALUES (66,'1717 Guadalajara Lane','','Missouri',441,'85505','914090181665');
INSERT INTO address (address_id,address,address2,district,city_id,postal_code,phone) VALUES (67,'1214 Hanoi Way','','Nebraska',306,'67055','491001136577');
INSERT INTO address (address_id,address,address2,district,city_id,postal_code,phone) VALUES (68,'1966 Amroha Avenue','','Sichuan',139,'70385','333489324603');
INSERT INTO address (address_id,address,address2,district,city_id,postal_code,phone) VALUES (69,'698 Otsu Street','','Cayenne',105,'71110','409983924481');
INSERT INTO address (address_id,address,address2,district,city_id,postal_code,phone) VALUES (70,'1150 Kimchon Manor','','Skne ln',321,'96109','663449333709');
INSERT INTO address (address_id,address,address2,district,city_id,postal_code,phone) VALUES (71,'1586 Guaruj Place','','Hunan',579,'5135','947233365992');
INSERT INTO address (address_id,address,address2,district,city_id,postal_code,phone) VALUES (72,'57 Arlington Manor','','Madhya Pradesh',475,'48960','990214419142');
INSERT INTO address (address_id,address,address2,district,city_id,postal_code,phone) VALUES (73,'1031 Daugavpils Parkway','','Bchar',63,'59025','107137400143');
INSERT INTO address (address_id,address,address2,district,city_id,postal_code,phone) VALUES (74,'1124 Buenaventura Drive','','Mekka',13,'6856','407733804223');
INSERT INTO address (address_id,address,address2,district,city_id,postal_code,phone) VALUES (75,'492 Cam Ranh Street','','Eastern Visayas',61,'50805','565018274456');
INSERT INTO address (address_id,address,address2,district,city_id,postal_code,phone) VALUES (76,'89 Allappuzha (Alleppey) Manor','','National Capital Reg',517,'75444','255800440636');
INSERT INTO address (address_id,address,address2,district,city_id,postal_code,phone) VALUES (77,'1947 Poos de Caldas Boulevard','','Chiayi',114,'60951','427454485876');
INSERT INTO address (address_id,address,address2,district,city_id,postal_code,phone) VALUES (78,'1206 Dos Quebradas Place','','So Paulo',431,'20207','241832790687');
INSERT INTO address (address_id,address,address2,district,city_id,postal_code,phone) VALUES (79,'1551 Rampur Lane','','Changhwa',108,'72394','251164340471');
INSERT INTO address (address_id,address,address2,district,city_id,postal_code,phone) VALUES (80,'602 Paarl Street','','Pavlodar',402,'98889','896314772871');
INSERT INTO address (address_id,address,address2,district,city_id,postal_code,phone) VALUES (81,'1692 Ede Loop','','So Paulo',30,'9223','918711376618');
INSERT INTO address (address_id,address,address2,district,city_id,postal_code,phone) VALUES (82,'936 Salzburg Lane','','Uttar Pradesh',425,'96709','875756771675');
INSERT INTO address (address_id,address,address2,district,city_id,postal_code,phone) VALUES (83,'586 Tete Way','','Kanagawa',256,'1079','18581624103');
INSERT INTO address (address_id,address,address2,district,city_id,postal_code,phone) VALUES (84,'1888 Kabul Drive','','Oyo & Osun',217,'20936','701457319790');
INSERT INTO address (address_id,address,address2,district,city_id,postal_code,phone) VALUES (85,'320 Baiyin Parkway','','Mahajanga',319,'37307','223664661973');
INSERT INTO address (address_id,address,address2,district,city_id,postal_code,phone) VALUES (86,'927 Baha Blanca Parkway','','Krim',479,'9495','821972242086');
INSERT INTO address (address_id,address,address2,district,city_id,postal_code,phone) VALUES (87,'929 Tallahassee Loop','','Gauteng',497,'74671','800716535041');
INSERT INTO address (address_id,address,address2,district,city_id,postal_code,phone) VALUES (88,'125 Citt del Vaticano Boulevard','','Puebla',40,'67912','48417642933');
INSERT INTO address (address_id,address,address2,district,city_id,postal_code,phone) VALUES (89,'1557 Ktahya Boulevard','','England',88,'88002','720998247660');
INSERT INTO address (address_id,address,address2,district,city_id,postal_code,phone) VALUES (90,'870 Ashqelon Loop','','Songkhla',489,'84931','135117278909');
INSERT INTO address (address_id,address,address2,district,city_id,postal_code,phone) VALUES (91,'1740 Portoviejo Avenue','','Sucre',480,'29932','198123170793');
INSERT INTO address (address_id,address,address2,district,city_id,postal_code,phone) VALUES (92,'1942 Ciparay Parkway','','Cheju',113,'82624','978987363654');
INSERT INTO address (address_id,address,address2,district,city_id,postal_code,phone) VALUES (93,'1926 El Alto Avenue','','Buenos Aires',289,'75543','846225459260');
INSERT INTO address (address_id,address,address2,district,city_id,postal_code,phone) VALUES (94,'1952 Chatsworth Drive','','Guangdong',332,'25958','991562402283');
INSERT INTO address (address_id,address,address2,district,city_id,postal_code,phone) VALUES (95,'1370 Le Mans Avenue','','Brunei and Muara',53,'52163','345679835036');
INSERT INTO address (address_id,address,address2,district,city_id,postal_code,phone) VALUES (96,'984 Effon-Alaiye Avenue','','Gois',183,'17119','132986892228');
INSERT INTO address (address_id,address,address2,district,city_id,postal_code,phone) VALUES (97,'832 Nakhon Sawan Manor','','Inner Mongolia',592,'49021','275595571388');
INSERT INTO address (address_id,address,address2,district,city_id,postal_code,phone) VALUES (98,'152 Kitwe Parkway','','Caraga',82,'53182','835433605312');
INSERT INTO address (address_id,address,address2,district,city_id,postal_code,phone) VALUES (99,'1697 Tanauan Lane','','Punjab',399,'22870','4764773857');
INSERT INTO address (address_id,address,address2,district,city_id,postal_code,phone) VALUES (100,'1308 Arecibo Way','','Georgia',41,'30695','6171054059');
INSERT INTO address (address_id,address,address2,district,city_id,postal_code,phone) VALUES (101,'1599 Plock Drive','','Tete',534,'71986','817248913162');
INSERT INTO address (address_id,address,address2,district,city_id,postal_code,phone) VALUES (102,'669 Firozabad Loop','','Abu Dhabi',12,'92265','412903167998');
INSERT INTO address (address_id,address,address2,district,city_id,postal_code,phone) VALUES (103,'588 Vila Velha Manor','','Kyongsangbuk',268,'51540','333339908719');
INSERT INTO address (address_id,address,address2,district,city_id,postal_code,phone) VALUES (104,'1913 Kamakura Place','','Lipetsk',238,'97287','942570536750');
INSERT INTO address (address_id,address,address2,district,city_id,postal_code,phone) VALUES (105,'733 Mandaluyong Place','','Asir',2,'77459','196568435814');
INSERT INTO address (address_id,address,address2,district,city_id,postal_code,phone) VALUES (106,'659 Vaduz Drive','','Ha Darom',34,'49708','709935135487');
INSERT INTO address (address_id,address,address2,district,city_id,postal_code,phone) VALUES (107,'1177 Jelets Way','','Kwara & Kogi',220,'3305','484292626944');
INSERT INTO address (address_id,address,address2,district,city_id,postal_code,phone) VALUES (108,'1386 Yangor Avenue','','Provence-Alpes-Cte',543,'80720','449216226468');
INSERT INTO address (address_id,address,address2,district,city_id,postal_code,phone) VALUES (109,'454 Nakhon Sawan Boulevard','','Funafuti',173,'76383','963887147572');
INSERT INTO address (address_id,address,address2,district,city_id,postal_code,phone) VALUES (110,'1867 San Juan Bautista Tuxtepec Avenue','','Ivanovo',225,'78311','547003310357');
INSERT INTO address (address_id,address,address2,district,city_id,postal_code,phone) VALUES (111,'1532 Dzerzinsk Way','','Buenos Aires',334,'9599','330838016880');
INSERT INTO address (address_id,address,address2,district,city_id,postal_code,phone) VALUES (112,'1002 Ahmadnagar Manor','','Mxico',213,'93026','371490777743');
INSERT INTO address (address_id,address,address2,district,city_id,postal_code,phone) VALUES (113,'682 Junan Way','','North West',273,'30418','622255216127');
INSERT INTO address (address_id,address,address2,district,city_id,postal_code,phone) VALUES (114,'804 Elista Drive','','Hubei',159,'61069','379804592943');
INSERT INTO address (address_id,address,address2,district,city_id,postal_code,phone) VALUES (115,'1378 Alvorada Avenue','','Distrito Federal',102,'75834','272234298332');
INSERT INTO address (address_id,address,address2,district,city_id,postal_code,phone) VALUES (116,'793 Cam Ranh Avenue','','California',292,'87057','824370924746');
INSERT INTO address (address_id,address,address2,district,city_id,postal_code,phone) VALUES (117,'1079 Tel Aviv-Jaffa Boulevard','','Sucre',132,'10885','358178933857');
INSERT INTO address (address_id,address,address2,district,city_id,postal_code,phone) VALUES (118,'442 Rae Bareli Place','','Nordrhein-Westfalen',148,'24321','886636413768');
INSERT INTO address (address_id,address,address2,district,city_id,postal_code,phone) VALUES (119,'1107 Nakhon Sawan Avenue','','Mxico',365,'75149','867546627903');
INSERT INTO address (address_id,address,address2,district,city_id,postal_code,phone) VALUES (120,'544 Malm Parkway','','Central Java',403,'63502','386759646229');
INSERT INTO address (address_id,address,address2,district,city_id,postal_code,phone) VALUES (121,'1967 Sincelejo Place','','Gujarat',176,'73644','577812616052');
INSERT INTO address (address_id,address,address2,district,city_id,postal_code,phone) VALUES (122,'333 Goinia Way','','Texas',185,'78625','909029256431');
INSERT INTO address (address_id,address,address2,district,city_id,postal_code,phone) VALUES (123,'1987 Coacalco de Berriozbal Loop','','al-Qalyubiya',476,'96065','787654415858');
INSERT INTO address (address_id,address,address2,district,city_id,postal_code,phone) VALUES (124,'241 Mosul Lane','','Risaralda',147,'76157','765345144779');
INSERT INTO address (address_id,address,address2,district,city_id,postal_code,phone) VALUES (125,'211 Chiayi Drive','','Uttar Pradesh',164,'58186','665993880048');
INSERT INTO address (address_id,address,address2,district,city_id,postal_code,phone) VALUES (126,'1175 Tanauan Way','','Lima',305,'64615','937222955822');
INSERT INTO address (address_id,address,address2,district,city_id,postal_code,phone) VALUES (127,'117 Boa Vista Way','','Uttar Pradesh',566,'6804','677976133614');
INSERT INTO address (address_id,address,address2,district,city_id,postal_code,phone) VALUES (128,'848 Tafuna Manor','','Ktahya',281,'45142','614935229095');
INSERT INTO address (address_id,address,address2,district,city_id,postal_code,phone) VALUES (129,'569 Baicheng Lane','','Gauteng',85,'60304','490211944645');
INSERT INTO address (address_id,address,address2,district,city_id,postal_code,phone) VALUES (130,'1666 Qomsheh Drive','','So Paulo',410,'66255','582835362905');
INSERT INTO address (address_id,address,address2,district,city_id,postal_code,phone) VALUES (131,'801 Hagonoy Drive','','Smolensk',484,'8439','237426099212');
INSERT INTO address (address_id,address,address2,district,city_id,postal_code,phone) VALUES (132,'1050 Garden Grove Avenue','','Slaskie',236,'4999','973047364353');
INSERT INTO address (address_id,address,address2,district,city_id,postal_code,phone) VALUES (133,'1854 Tieli Street','','Shandong',302,'15819','509492324775');
INSERT INTO address (address_id,address,address2,district,city_id,postal_code,phone) VALUES (134,'758 Junan Lane','','Gois',190,'82639','935448624185');
INSERT INTO address (address_id,address,address2,district,city_id,postal_code,phone) VALUES (135,'1752 So Leopoldo Parkway','','Taka-Karpatia',345,'14014','252265130067');
INSERT INTO address (address_id,address,address2,district,city_id,postal_code,phone) VALUES (136,'898 Belm Manor','','Free State',87,'49757','707169393853');
INSERT INTO address (address_id,address,address2,district,city_id,postal_code,phone) VALUES (137,'261 Saint Louis Way','','Coahuila de Zaragoza',541,'83401','321944036800');
INSERT INTO address (address_id,address,address2,district,city_id,postal_code,phone) VALUES (138,'765 Southampton Drive','','al-Qalyubiya',421,'4285','23712411567');
INSERT INTO address (address_id,address,address2,district,city_id,postal_code,phone) VALUES (139,'943 Johannesburg Avenue','','Maharashtra',417,'5892','90921003005');
INSERT INTO address (address_id,address,address2,district,city_id,postal_code,phone) VALUES (140,'788 Atinsk Street','','Karnataka',211,'81691','146497509724');
INSERT INTO address (address_id,address,address2,district,city_id,postal_code,phone) VALUES (141,'1749 Daxian Place','','Gelderland',29,'11044','963369996279');
INSERT INTO address (address_id,address,address2,district,city_id,postal_code,phone) VALUES (142,'1587 Sullana Lane','','Inner Mongolia',207,'85769','468060467018');
INSERT INTO address (address_id,address,address2,district,city_id,postal_code,phone) VALUES (143,'1029 Dzerzinsk Manor','','Ynlin',542,'57519','33173584456');
INSERT INTO address (address_id,address,address2,district,city_id,postal_code,phone) VALUES (144,'1666 Beni-Mellal Place','','Tennessee',123,'13377','9099941466');
INSERT INTO address (address_id,address,address2,district,city_id,postal_code,phone) VALUES (145,'928 Jaffna Loop','','Hiroshima',172,'93762','581852137991');
INSERT INTO address (address_id,address,address2,district,city_id,postal_code,phone) VALUES (146,'483 Ljubertsy Parkway','','Scotland',149,'60562','581174211853');
INSERT INTO address (address_id,address,address2,district,city_id,postal_code,phone) VALUES (147,'374 Bat Yam Boulevard','','Kilis',266,'97700','923261616249');
INSERT INTO address (address_id,address,address2,district,city_id,postal_code,phone) VALUES (148,'1027 Songkhla Manor','','Minsk',340,'30861','563660187896');
INSERT INTO address (address_id,address,address2,district,city_id,postal_code,phone) VALUES (149,'999 Sanaa Loop','','Gauteng',491,'3439','918032330119');
INSERT INTO address (address_id,address,address2,district,city_id,postal_code,phone) VALUES (150,'879 Newcastle Way','','Michigan',499,'90732','206841104594');
INSERT INTO address (address_id,address,address2,district,city_id,postal_code,phone) VALUES (151,'1337 Lincoln Parkway','','Saitama',555,'99457','597815221267');
INSERT INTO address (address_id,address,address2,district,city_id,postal_code,phone) VALUES (152,'1952 Pune Lane','','Saint-Denis',442,'92150','354615066969');
INSERT INTO address (address_id,address,address2,district,city_id,postal_code,phone) VALUES (153,'782 Mosul Street','','Massachusetts',94,'25545','885899703621');
INSERT INTO address (address_id,address,address2,district,city_id,postal_code,phone) VALUES (154,'781 Shimonoseki Drive','','Michoacn de Ocampo',202,'95444','632316273199');
INSERT INTO address (address_id,address,address2,district,city_id,postal_code,phone) VALUES (155,'1560 Jelets Boulevard','','Shandong',291,'77777','189446090264');
INSERT INTO address (address_id,address,address2,district,city_id,postal_code,phone) VALUES (156,'1963 Moscow Place','','Assam',354,'64863','761379480249');
INSERT INTO address (address_id,address,address2,district,city_id,postal_code,phone) VALUES (157,'456 Escobar Way','','Jakarta Raya',232,'36061','719202533520');
INSERT INTO address (address_id,address,address2,district,city_id,postal_code,phone) VALUES (158,'798 Cianjur Avenue','','Shanxi',590,'76990','499408708580');
INSERT INTO address (address_id,address,address2,district,city_id,postal_code,phone) VALUES (159,'185 Novi Sad Place','','Bern',72,'41778','904253967161');
INSERT INTO address (address_id,address,address2,district,city_id,postal_code,phone) VALUES (160,'1367 Yantai Manor','','Ondo & Ekiti',381,'21294','889538496300');
INSERT INTO address (address_id,address,address2,district,city_id,postal_code,phone) VALUES (161,'1386 Nakhon Sawan Boulevard','','Pyongyang-si',420,'53502','368899174225');
INSERT INTO address (address_id,address,address2,district,city_id,postal_code,phone) VALUES (162,'369 Papeete Way','','North Carolina',187,'66639','170117068815');
INSERT INTO address (address_id,address,address2,district,city_id,postal_code,phone) VALUES (163,'1440 Compton Place','','North Austria',307,'81037','931059836497');
INSERT INTO address (address_id,address,address2,district,city_id,postal_code,phone) VALUES (164,'1623 Baha Blanca Manor','','Moskova',310,'81511','149981248346');
INSERT INTO address (address_id,address,address2,district,city_id,postal_code,phone) VALUES (165,'97 Shimoga Avenue','','Tel Aviv',533,'44660','177167004331');
INSERT INTO address (address_id,address,address2,district,city_id,postal_code,phone) VALUES (166,'1740 Le Mans Loop','','Pays de la Loire',297,'22853','168476538960');
INSERT INTO address (address_id,address,address2,district,city_id,postal_code,phone) VALUES (167,'1287 Xiangfan Boulevard','','Gifu',253,'57844','819416131190');
INSERT INTO address (address_id,address,address2,district,city_id,postal_code,phone) VALUES (168,'842 Salzburg Lane','','Adana',529,'3313','697151428760');
INSERT INTO address (address_id,address,address2,district,city_id,postal_code,phone) VALUES (169,'154 Tallahassee Loop','','Xinxiang',199,'62250','935508855935');
INSERT INTO address (address_id,address,address2,district,city_id,postal_code,phone) VALUES (170,'710 San Felipe del Progreso Avenue','','Lilongwe',304,'76901','843801144113');
INSERT INTO address (address_id,address,address2,district,city_id,postal_code,phone) VALUES (171,'1540 Wroclaw Drive','','Maharashtra',107,'62686','182363341674');
INSERT INTO address (address_id,address,address2,district,city_id,postal_code,phone) VALUES (172,'475 Atinsk Way','','Gansu',240,'59571','201705577290');
INSERT INTO address (address_id,address,address2,district,city_id,postal_code,phone) VALUES (173,'1294 Firozabad Drive','','Jiangxi',407,'70618','161801569569');
INSERT INTO address (address_id,address,address2,district,city_id,postal_code,phone) VALUES (174,'1877 Ezhou Lane','','Rajasthan',550,'63337','264541743403');
INSERT INTO address (address_id,address,address2,district,city_id,postal_code,phone) VALUES (175,'316 Uruapan Street','','Perak',223,'58194','275788967899');
INSERT INTO address (address_id,address,address2,district,city_id,postal_code,phone) VALUES (176,'29 Pyongyang Loop','','Batman',58,'47753','734780743462');
INSERT INTO address (address_id,address,address2,district,city_id,postal_code,phone) VALUES (177,'1010 Klerksdorp Way','','Steiermark',186,'6802','493008546874');
INSERT INTO address (address_id,address,address2,district,city_id,postal_code,phone) VALUES (178,'1848 Salala Boulevard','','Miranda',373,'25220','48265851133');
INSERT INTO address (address_id,address,address2,district,city_id,postal_code,phone) VALUES (179,'431 Xiangtan Avenue','','Kerala',18,'4854','230250973122');
INSERT INTO address (address_id,address,address2,district,city_id,postal_code,phone) VALUES (180,'757 Rustenburg Avenue','','Skikda',483,'89668','506134035434');
INSERT INTO address (address_id,address,address2,district,city_id,postal_code,phone) VALUES (181,'146 Johannesburg Way','','Tamaulipas',330,'54132','953689007081');
INSERT INTO address (address_id,address,address2,district,city_id,postal_code,phone) VALUES (182,'1891 Rizhao Boulevard','','So Paulo',456,'47288','391065549876');
INSERT INTO address (address_id,address,address2,district,city_id,postal_code,phone) VALUES (183,'1089 Iwatsuki Avenue','','Kirov',270,'35109','866092335135');
INSERT INTO address (address_id,address,address2,district,city_id,postal_code,phone) VALUES (184,'1410 Benin City Parkway','','Risaralda',405,'29747','104150372603');
INSERT INTO address (address_id,address,address2,district,city_id,postal_code,phone) VALUES (185,'682 Garden Grove Place','','Tennessee',333,'67497','72136330362');
INSERT INTO address (address_id,address,address2,district,city_id,postal_code,phone) VALUES (186,'533 al-Ayn Boulevard','','California',126,'8862','662227486184');
INSERT INTO address (address_id,address,address2,district,city_id,postal_code,phone) VALUES (187,'1839 Szkesfehrvr Parkway','','Gois',317,'55709','947468818183');
INSERT INTO address (address_id,address,address2,district,city_id,postal_code,phone) VALUES (188,'741 Ambattur Manor','','Noord-Brabant',438,'43310','302590383819');
INSERT INTO address (address_id,address,address2,district,city_id,postal_code,phone) VALUES (189,'927 Barcelona Street','','Chaharmahal va Bakht',467,'65121','951486492670');
INSERT INTO address (address_id,address,address2,district,city_id,postal_code,phone) VALUES (190,'435 0 Way','','West Bengali',195,'74750','760171523969');
INSERT INTO address (address_id,address,address2,district,city_id,postal_code,phone) VALUES (191,'140 Chiayi Parkway','','Sumy',506,'38982','855863906434');
INSERT INTO address (address_id,address,address2,district,city_id,postal_code,phone) VALUES (192,'1166 Changhwa Street','','Caraga',62,'58852','650752094490');
INSERT INTO address (address_id,address,address2,district,city_id,postal_code,phone) VALUES (193,'891 Novi Sad Manor','','Ontario',383,'5379','247646995453');
INSERT INTO address (address_id,address,address2,district,city_id,postal_code,phone) VALUES (194,'605 Rio Claro Parkway','','Tabora',513,'49348','352469351088');
INSERT INTO address (address_id,address,address2,district,city_id,postal_code,phone) VALUES (195,'1077 San Felipe de Puerto Plata Place','','Rostov-na-Donu',369,'65387','812824036424');
INSERT INTO address (address_id,address,address2,district,city_id,postal_code,phone) VALUES (196,'9 San Miguel de Tucumn Manor','','Uttar Pradesh',169,'90845','956188728558');
INSERT INTO address (address_id,address,address2,district,city_id,postal_code,phone) VALUES (197,'447 Surakarta Loop','','Nyanza',271,'10428','940830176580');
INSERT INTO address (address_id,address,address2,district,city_id,postal_code,phone) VALUES (198,'345 Oshawa Boulevard','','Tokyo-to',204,'32114','104491201771');
INSERT INTO address (address_id,address,address2,district,city_id,postal_code,phone) VALUES (199,'1792 Valle de la Pascua Place','','Nordrhein-Westfalen',477,'15540','419419591240');
INSERT INTO address (address_id,address,address2,district,city_id,postal_code,phone) VALUES (200,'1074 Binzhou Manor','','Baden-Wrttemberg',325,'36490','331132568928');
INSERT INTO address (address_id,address,address2,district,city_id,postal_code,phone) VALUES (201,'817 Bradford Loop','','Jiangsu',109,'89459','264286442804');
INSERT INTO address (address_id,address,address2,district,city_id,postal_code,phone) VALUES (202,'955 Bamenda Way','','Ondo & Ekiti',218,'1545','768481779568');
INSERT INTO address (address_id,address,address2,district,city_id,postal_code,phone) VALUES (203,'1149 A Corua (La Corua) Boulevard','','Haiphong',194,'95824','470884141195');
INSERT INTO address (address_id,address,address2,district,city_id,postal_code,phone) VALUES (204,'387 Mwene-Ditu Drive','','Ahal',35,'8073','764477681869');
INSERT INTO address (address_id,address,address2,district,city_id,postal_code,phone) VALUES (205,'68 Molodetno Manor','','Nordrhein-Westfalen',575,'4662','146640639760');
INSERT INTO address (address_id,address,address2,district,city_id,postal_code,phone) VALUES (206,'642 Nador Drive','','Maharashtra',77,'3924','369050085652');
INSERT INTO address (address_id,address,address2,district,city_id,postal_code,phone) VALUES (207,'1688 Nador Lane','','Sulawesi Utara',184,'61613','652218196731');
INSERT INTO address (address_id,address,address2,district,city_id,postal_code,phone) VALUES (208,'1215 Pyongyang Parkway','','Usak',557,'25238','646237101779');
INSERT INTO address (address_id,address,address2,district,city_id,postal_code,phone) VALUES (209,'1679 Antofagasta Street','','Alto Paran',122,'86599','905903574913');
INSERT INTO address (address_id,address,address2,district,city_id,postal_code,phone) VALUES (210,'1304 s-Hertogenbosch Way','','Santa Catarina',83,'10925','90336226227');
INSERT INTO address (address_id,address,address2,district,city_id,postal_code,phone) VALUES (211,'850 Salala Loop','','Kitaa',371,'10800','403404780639');
INSERT INTO address (address_id,address,address2,district,city_id,postal_code,phone) VALUES (212,'624 Oshawa Boulevard','','West Bengali',51,'89959','49677664184');
INSERT INTO address (address_id,address,address2,district,city_id,postal_code,phone) VALUES (213,'43 Dadu Avenue','','Rajasthan',74,'4855','95666951770');
INSERT INTO address (address_id,address,address2,district,city_id,postal_code,phone) VALUES (214,'751 Lima Loop','','Aden',7,'99405','756460337785');
INSERT INTO address (address_id,address,address2,district,city_id,postal_code,phone) VALUES (215,'1333 Haldia Street','','Jilin',174,'82161','408304391718');
INSERT INTO address (address_id,address,address2,district,city_id,postal_code,phone) VALUES (216,'660 Jedda Boulevard','','Washington',65,'25053','168758068397');
INSERT INTO address (address_id,address,address2,district,city_id,postal_code,phone) VALUES (217,'1001 Miyakonojo Lane','','Taizz',518,'67924','584316724815');
INSERT INTO address (address_id,address,address2,district,city_id,postal_code,phone) VALUES (218,'226 Brest Manor','','California',508,'2299','785881412500');
INSERT INTO address (address_id,address,address2,district,city_id,postal_code,phone) VALUES (219,'1229 Valencia Parkway','','Haskovo',498,'99124','352679173732');
INSERT INTO address (address_id,address,address2,district,city_id,postal_code,phone) VALUES (220,'1201 Qomsheh Manor','','Gois',28,'21464','873492228462');
INSERT INTO address (address_id,address,address2,district,city_id,postal_code,phone) VALUES (221,'866 Shivapuri Manor','','Uttar Pradesh',448,'22474','778502731092');
INSERT INTO address (address_id,address,address2,district,city_id,postal_code,phone) VALUES (222,'1168 Najafabad Parkway','','Kabol',251,'40301','886649065861');
INSERT INTO address (address_id,address,address2,district,city_id,postal_code,phone) VALUES (223,'1244 Allappuzha (Alleppey) Place','','Buenos Aires',567,'20657','991802825778');
INSERT INTO address (address_id,address,address2,district,city_id,postal_code,phone) VALUES (224,'1842 Luzinia Boulevard','','Zanzibar West',593,'94420','706878974831');
INSERT INTO address (address_id,address,address2,district,city_id,postal_code,phone) VALUES (225,'1926 Gingoog Street','','Sisilia',511,'22824','469738825391');
INSERT INTO address (address_id,address,address2,district,city_id,postal_code,phone) VALUES (226,'810 Palghat (Palakkad) Boulevard','','Jaroslavl',235,'73431','516331171356');
INSERT INTO address (address_id,address,address2,district,city_id,postal_code,phone) VALUES (227,'1820 Maring Parkway','','Punjab',324,'88307','99760893676');
INSERT INTO address (address_id,address,address2,district,city_id,postal_code,phone) VALUES (228,'60 Poos de Caldas Street','','Rajasthan',243,'82338','963063788669');
INSERT INTO address (address_id,address,address2,district,city_id,postal_code,phone) VALUES (229,'1014 Loja Manor','','Tamil Nadu',22,'66851','460795526514');
INSERT INTO address (address_id,address,address2,district,city_id,postal_code,phone) VALUES (230,'201 Effon-Alaiye Way','','Asuncin',37,'64344','684192903087');
INSERT INTO address (address_id,address,address2,district,city_id,postal_code,phone) VALUES (231,'430 Alessandria Loop','','Saarland',439,'47446','669828224459');
INSERT INTO address (address_id,address,address2,district,city_id,postal_code,phone) VALUES (232,'754 Valencia Place','','Phnom Penh',406,'87911','594319417514');
INSERT INTO address (address_id,address,address2,district,city_id,postal_code,phone) VALUES (233,'356 Olomouc Manor','','Gois',26,'93323','22326410776');
INSERT INTO address (address_id,address,address2,district,city_id,postal_code,phone) VALUES (234,'1256 Bislig Boulevard','','Botosani',86,'50598','479007229460');
INSERT INTO address (address_id,address,address2,district,city_id,postal_code,phone) VALUES (235,'954 Kimchon Place','','West Bengali',559,'42420','541327526474');
INSERT INTO address (address_id,address,address2,district,city_id,postal_code,phone) VALUES (236,'885 Yingkou Manor','','Kaduna',596,'31390','588964509072');
INSERT INTO address (address_id,address,address2,district,city_id,postal_code,phone) VALUES (237,'1736 Cavite Place','','Qina',216,'98775','431770603551');
INSERT INTO address (address_id,address,address2,district,city_id,postal_code,phone) VALUES (238,'346 Skikda Parkway','','Hawalli',233,'90628','630424482919');
INSERT INTO address (address_id,address,address2,district,city_id,postal_code,phone) VALUES (239,'98 Stara Zagora Boulevard','','Valle',96,'76448','610173756082');
INSERT INTO address (address_id,address,address2,district,city_id,postal_code,phone) VALUES (240,'1479 Rustenburg Boulevard','','Southern Tagalog',527,'18727','727785483194');
INSERT INTO address (address_id,address,address2,district,city_id,postal_code,phone) VALUES (241,'647 A Corua (La Corua) Street','','Chollanam',357,'36971','792557457753');
INSERT INTO address (address_id,address,address2,district,city_id,postal_code,phone) VALUES (242,'1964 Gijn Manor','','Karnataka',473,'14408','918119601885');
INSERT INTO address (address_id,address,address2,district,city_id,postal_code,phone) VALUES (243,'47 Syktyvkar Lane','','West Java',118,'22236','63937119031');
INSERT INTO address (address_id,address,address2,district,city_id,postal_code,phone) VALUES (244,'1148 Saarbrcken Parkway','','Fukushima',226,'1921','137773001988');
INSERT INTO address (address_id,address,address2,district,city_id,postal_code,phone) VALUES (245,'1103 Bilbays Parkway','','Hubei',578,'87660','279979529227');
INSERT INTO address (address_id,address,address2,district,city_id,postal_code,phone) VALUES (246,'1246 Boksburg Parkway','','Hebei',422,'28349','890283544295');
INSERT INTO address (address_id,address,address2,district,city_id,postal_code,phone) VALUES (247,'1483 Pathankot Street','','Tucumn',454,'37288','686015532180');
INSERT INTO address (address_id,address,address2,district,city_id,postal_code,phone) VALUES (248,'582 Papeete Loop','','Central Visayas',294,'27722','569868543137');
INSERT INTO address (address_id,address,address2,district,city_id,postal_code,phone) VALUES (249,'300 Junan Street','','Kyonggi',553,'81314','890289150158');
INSERT INTO address (address_id,address,address2,district,city_id,postal_code,phone) VALUES (250,'829 Grand Prairie Way','','Paran',328,'6461','741070712873');
INSERT INTO address (address_id,address,address2,district,city_id,postal_code,phone) VALUES (251,'1473 Changhwa Parkway','','Mxico',124,'75933','266798132374');
INSERT INTO address (address_id,address,address2,district,city_id,postal_code,phone) VALUES (252,'1309 Weifang Street','','Florida',520,'57338','435785045362');
INSERT INTO address (address_id,address,address2,district,city_id,postal_code,phone) VALUES (253,'1760 Oshawa Manor','','Tianjin',535,'38140','56257502250');
INSERT INTO address (address_id,address,address2,district,city_id,postal_code,phone) VALUES (254,'786 Stara Zagora Way','','Oyo & Osun',390,'98332','716256596301');
INSERT INTO address (address_id,address,address2,district,city_id,postal_code,phone) VALUES (255,'1966 Tonghae Street','','Anhalt Sachsen',198,'36481','567359279425');
INSERT INTO address (address_id,address,address2,district,city_id,postal_code,phone) VALUES (256,'1497 Yuzhou Drive','','England',312,'3433','246810237916');
INSERT INTO address (address_id,address,address2,district,city_id,postal_code,phone) VALUES (258,'752 Ondo Loop','','Miyazaki',338,'32474','134673576619');
INSERT INTO address (address_id,address,address2,district,city_id,postal_code,phone) VALUES (259,'1338 Zalantun Lane','','Minas Gerais',413,'45403','840522972766');
INSERT INTO address (address_id,address,address2,district,city_id,postal_code,phone) VALUES (260,'127 Iwakuni Boulevard','','Central Luzon',192,'20777','987442542471');
INSERT INTO address (address_id,address,address2,district,city_id,postal_code,phone) VALUES (261,'51 Laredo Avenue','','Sagaing',342,'68146','884536620568');
INSERT INTO address (address_id,address,address2,district,city_id,postal_code,phone) VALUES (262,'771 Yaound Manor','','Sofala',64,'86768','245477603573');
INSERT INTO address (address_id,address,address2,district,city_id,postal_code,phone) VALUES (263,'532 Toulon Street','','Santiago',460,'69517','46871694740');
INSERT INTO address (address_id,address,address2,district,city_id,postal_code,phone) VALUES (264,'1027 Banjul Place','','West Bengali',197,'50390','538241037443');
INSERT INTO address (address_id,address,address2,district,city_id,postal_code,phone) VALUES (265,'1158 Mandi Bahauddin Parkway','','Shanxi',136,'98484','276555730211');
INSERT INTO address (address_id,address,address2,district,city_id,postal_code,phone) VALUES (266,'862 Xintai Lane','','Cagayan Valley',548,'30065','265153400632');
INSERT INTO address (address_id,address,address2,district,city_id,postal_code,phone) VALUES (267,'816 Cayenne Parkway','','Manab',414,'93629','282874611748');
INSERT INTO address (address_id,address,address2,district,city_id,postal_code,phone) VALUES (268,'1831 Nam Dinh Loop','','National Capital Reg',323,'51990','322888976727');
INSERT INTO address (address_id,address,address2,district,city_id,postal_code,phone) VALUES (269,'446 Kirovo-Tepetsk Lane','','Osaka',203,'19428','303967439816');
INSERT INTO address (address_id,address,address2,district,city_id,postal_code,phone) VALUES (270,'682 Halisahar Place','','Severn Morava',378,'20536','475553436330');
INSERT INTO address (address_id,address,address2,district,city_id,postal_code,phone) VALUES (271,'1587 Loja Manor','','Salzburg',447,'5410','621625204422');
INSERT INTO address (address_id,address,address2,district,city_id,postal_code,phone) VALUES (272,'1762 Paarl Parkway','','Hunan',298,'53928','192459639410');
INSERT INTO address (address_id,address,address2,district,city_id,postal_code,phone) VALUES (273,'1519 Ilorin Place','','Kerala',395,'49298','357445645426');
INSERT INTO address (address_id,address,address2,district,city_id,postal_code,phone) VALUES (274,'920 Kumbakonam Loop','','California',446,'75090','685010736240');
INSERT INTO address (address_id,address,address2,district,city_id,postal_code,phone) VALUES (275,'906 Goinia Way','','Wielkopolskie',255,'83565','701767622697');
INSERT INTO address (address_id,address,address2,district,city_id,postal_code,phone) VALUES (276,'1675 Xiangfan Manor','','Tamil Nadu',283,'11763','271149517630');
INSERT INTO address (address_id,address,address2,district,city_id,postal_code,phone) VALUES (277,'85 San Felipe de Puerto Plata Drive','','Shandong',584,'46063','170739645687');
INSERT INTO address (address_id,address,address2,district,city_id,postal_code,phone) VALUES (278,'144 South Hill Loop','','Guanajuato',445,'2012','45387294817');
INSERT INTO address (address_id,address,address2,district,city_id,postal_code,phone) VALUES (279,'1884 Shikarpur Avenue','','Haryana',263,'85548','959949395183');
INSERT INTO address (address_id,address,address2,district,city_id,postal_code,phone) VALUES (280,'1980 Kamjanets-Podilskyi Street','','Illinois',404,'89502','874337098891');
INSERT INTO address (address_id,address,address2,district,city_id,postal_code,phone) VALUES (281,'1944 Bamenda Way','','Michigan',573,'24645','75975221996');
INSERT INTO address (address_id,address,address2,district,city_id,postal_code,phone) VALUES (282,'556 Baybay Manor','','Oyo & Osun',374,'55802','363982224739');
INSERT INTO address (address_id,address,address2,district,city_id,postal_code,phone) VALUES (283,'457 Tongliao Loop','','Bursa',222,'56254','880756161823');
INSERT INTO address (address_id,address,address2,district,city_id,postal_code,phone) VALUES (284,'600 Bradford Street','','East Azerbaidzan',514,'96204','117592274996');
INSERT INTO address (address_id,address,address2,district,city_id,postal_code,phone) VALUES (285,'1006 Santa Brbara dOeste Manor','','Ondo & Ekiti',389,'36229','85059738746');
INSERT INTO address (address_id,address,address2,district,city_id,postal_code,phone) VALUES (286,'1308 Sumy Loop','','Fujian',175,'30657','583021225407');
INSERT INTO address (address_id,address,address2,district,city_id,postal_code,phone) VALUES (287,'1405 Chisinau Place','','Ponce',411,'8160','62781725285');
INSERT INTO address (address_id,address,address2,district,city_id,postal_code,phone) VALUES (288,'226 Halifax Street','','Xinxiang',277,'58492','790651020929');
INSERT INTO address (address_id,address,address2,district,city_id,postal_code,phone) VALUES (289,'1279 Udine Parkway','','Edo & Delta',69,'75860','195003555232');
INSERT INTO address (address_id,address,address2,district,city_id,postal_code,phone) VALUES (290,'1336 Benin City Drive','','Shiga',386,'46044','341242939532');
INSERT INTO address (address_id,address,address2,district,city_id,postal_code,phone) VALUES (291,'1155 Liaocheng Place','','Oyo & Osun',152,'22650','558236142492');
INSERT INTO address (address_id,address,address2,district,city_id,postal_code,phone) VALUES (292,'1993 Tabuk Lane','','Tamil Nadu',522,'64221','648482415405');
INSERT INTO address (address_id,address,address2,district,city_id,postal_code,phone) VALUES (293,'86 Higashiosaka Lane','','Guanajuato',563,'33768','957128697225');
INSERT INTO address (address_id,address,address2,district,city_id,postal_code,phone) VALUES (294,'1912 Allende Manor','','Kowloon and New Kowl',279,'58124','172262454487');
INSERT INTO address (address_id,address,address2,district,city_id,postal_code,phone) VALUES (295,'544 Tarsus Boulevard','','Gurico',562,'53145','892523334');
INSERT INTO address (address_id,address,address2,district,city_id,postal_code,phone) VALUES (296,'1936 Cuman Avenue','','Virginia',433,'61195','976798660411');
INSERT INTO address (address_id,address,address2,district,city_id,postal_code,phone) VALUES (297,'1192 Tongliao Street','','Sharja',470,'19065','350970907017');
INSERT INTO address (address_id,address,address2,district,city_id,postal_code,phone) VALUES (298,'44 Najafabad Way','','Baskimaa',146,'61391','96604821070');
INSERT INTO address (address_id,address,address2,district,city_id,postal_code,phone) VALUES (299,'32 Pudukkottai Lane','','Ohio',140,'38834','967274728547');
INSERT INTO address (address_id,address,address2,district,city_id,postal_code,phone) VALUES (300,'661 Chisinau Lane','','Pietari',274,'8856','816436065431');
INSERT INTO address (address_id,address,address2,district,city_id,postal_code,phone) VALUES (301,'951 Stara Zagora Manor','','Punjab',400,'98573','429925609431');
INSERT INTO address (address_id,address,address2,district,city_id,postal_code,phone) VALUES (302,'922 Vila Velha Loop','','Maharashtra',9,'4085','510737228015');
INSERT INTO address (address_id,address,address2,district,city_id,postal_code,phone) VALUES (303,'898 Jining Lane','','Pohjois-Pohjanmaa',387,'40070','161643343536');
INSERT INTO address (address_id,address,address2,district,city_id,postal_code,phone) VALUES (304,'1635 Kuwana Boulevard','','Hiroshima',205,'52137','710603868323');
INSERT INTO address (address_id,address,address2,district,city_id,postal_code,phone) VALUES (305,'41 El Alto Parkway','','Maharashtra',398,'56883','51917807050');
INSERT INTO address (address_id,address,address2,district,city_id,postal_code,phone) VALUES (306,'1883 Maikop Lane','','Kaliningrad',254,'68469','96110042435');
INSERT INTO address (address_id,address,address2,district,city_id,postal_code,phone) VALUES (307,'1908 Gaziantep Place','','Liaoning',536,'58979','108053751300');
INSERT INTO address (address_id,address,address2,district,city_id,postal_code,phone) VALUES (308,'687 Alessandria Parkway','','Sanaa',455,'57587','407218522294');
INSERT INTO address (address_id,address,address2,district,city_id,postal_code,phone) VALUES (309,'827 Yuncheng Drive','','Callao',99,'79047','504434452842');
INSERT INTO address (address_id,address,address2,district,city_id,postal_code,phone) VALUES (310,'913 Coacalco de Berriozbal Loop','','Texas',33,'42141','262088367001');
INSERT INTO address (address_id,address,address2,district,city_id,postal_code,phone) VALUES (311,'715 So Bernardo do Campo Lane','','Kedah',507,'84804','181179321332');
INSERT INTO address (address_id,address,address2,district,city_id,postal_code,phone) VALUES (312,'1354 Siegen Street','','Rio de Janeiro',25,'80184','573441801529');
INSERT INTO address (address_id,address,address2,district,city_id,postal_code,phone) VALUES (313,'1191 Sungai Petani Boulevard','','Missouri',262,'9668','983259819766');
INSERT INTO address (address_id,address,address2,district,city_id,postal_code,phone) VALUES (314,'1224 Huejutla de Reyes Boulevard','','Lombardia',91,'70923','806016930576');
INSERT INTO address (address_id,address,address2,district,city_id,postal_code,phone) VALUES (315,'543 Bergamo Avenue','','Minas Gerais',215,'59686','103602195112');
INSERT INTO address (address_id,address,address2,district,city_id,postal_code,phone) VALUES (316,'746 Joliet Lane','','Kursk',286,'94878','688485191923');
INSERT INTO address (address_id,address,address2,district,city_id,postal_code,phone) VALUES (317,'780 Kimberley Way','','Tabuk',515,'17032','824396883951');
INSERT INTO address (address_id,address,address2,district,city_id,postal_code,phone) VALUES (318,'1774 Yaound Place','','Hubei',166,'91400','613124286867');
INSERT INTO address (address_id,address,address2,district,city_id,postal_code,phone) VALUES (319,'1957 Yantai Lane','','So Paulo',490,'59255','704948322302');
INSERT INTO address (address_id,address,address2,district,city_id,postal_code,phone) VALUES (320,'1542 Lubumbashi Boulevard','','Tel Aviv',57,'62472','508800331065');
INSERT INTO address (address_id,address,address2,district,city_id,postal_code,phone) VALUES (321,'651 Pathankot Loop','','Maharashtra',336,'59811','139378397418');
INSERT INTO address (address_id,address,address2,district,city_id,postal_code,phone) VALUES (322,'1359 Zhoushan Parkway','','Streymoyar',545,'29763','46568045367');
INSERT INTO address (address_id,address,address2,district,city_id,postal_code,phone) VALUES (323,'1769 Iwaki Lane','','Kujawsko-Pomorskie',97,'25787','556100547674');
INSERT INTO address (address_id,address,address2,district,city_id,postal_code,phone) VALUES (324,'1145 Vilnius Manor','','Mxico',451,'73170','674805712553');
INSERT INTO address (address_id,address,address2,district,city_id,postal_code,phone) VALUES (325,'1892 Nabereznyje Telny Lane','','Tutuila',516,'28396','478229987054');
INSERT INTO address (address_id,address,address2,district,city_id,postal_code,phone) VALUES (326,'470 Boksburg Street','','Central',81,'97960','908029859266');
INSERT INTO address (address_id,address,address2,district,city_id,postal_code,phone) VALUES (327,'1427 A Corua (La Corua) Place','','Buenos Aires',45,'85799','972574862516');
INSERT INTO address (address_id,address,address2,district,city_id,postal_code,phone) VALUES (328,'479 San Felipe del Progreso Avenue','','Morelos',130,'54949','869051782691');
INSERT INTO address (address_id,address,address2,district,city_id,postal_code,phone) VALUES (329,'867 Benin City Avenue','','Henan',591,'78543','168884817145');
INSERT INTO address (address_id,address,address2,district,city_id,postal_code,phone) VALUES (330,'981 Kumbakonam Place','','Distrito Federal',89,'87611','829116184079');
INSERT INTO address (address_id,address,address2,district,city_id,postal_code,phone) VALUES (331,'1016 Iwakuni Street','','St George',269,'49833','961370847344');
INSERT INTO address (address_id,address,address2,district,city_id,postal_code,phone) VALUES (332,'663 Baha Blanca Parkway','','Adana',5,'33463','834418779292');
INSERT INTO address (address_id,address,address2,district,city_id,postal_code,phone) VALUES (333,'1860 Taguig Loop','','West Java',119,'59550','38158430589');
INSERT INTO address (address_id,address,address2,district,city_id,postal_code,phone) VALUES (334,'1816 Bydgoszcz Loop','','Dhaka',234,'64308','965273813662');
INSERT INTO address (address_id,address,address2,district,city_id,postal_code,phone) VALUES (335,'587 Benguela Manor','','Illinois',42,'91590','165450987037');
INSERT INTO address (address_id,address,address2,district,city_id,postal_code,phone) VALUES (336,'430 Kumbakonam Drive','','Santa F',457,'28814','105470691550');
INSERT INTO address (address_id,address,address2,district,city_id,postal_code,phone) VALUES (337,'1838 Tabriz Lane','','Dhaka',143,'1195','38988715447');
INSERT INTO address (address_id,address,address2,district,city_id,postal_code,phone) VALUES (338,'431 Szkesfehrvr Avenue','','Baki',48,'57828','119501405123');
INSERT INTO address (address_id,address,address2,district,city_id,postal_code,phone) VALUES (339,'503 Sogamoso Loop','','Sumqayit',505,'49812','834626715837');
INSERT INTO address (address_id,address,address2,district,city_id,postal_code,phone) VALUES (340,'507 Smolensk Loop','','Sousse',492,'22971','80303246192');
INSERT INTO address (address_id,address,address2,district,city_id,postal_code,phone) VALUES (341,'1920 Weifang Avenue','','Uttar Pradesh',427,'15643','869507847714');
INSERT INTO address (address_id,address,address2,district,city_id,postal_code,phone) VALUES (342,'124 al-Manama Way','','Hiroshima',382,'52368','647899404952');
INSERT INTO address (address_id,address,address2,district,city_id,postal_code,phone) VALUES (343,'1443 Mardan Street','','Western Cape',392,'31483','231383037471');
INSERT INTO address (address_id,address,address2,district,city_id,postal_code,phone) VALUES (344,'1909 Benguela Lane','','Henan',581,'19913','624138001031');
INSERT INTO address (address_id,address,address2,district,city_id,postal_code,phone) VALUES (345,'68 Ponce Parkway','','Hanoi',201,'85926','870635127812');
INSERT INTO address (address_id,address,address2,district,city_id,postal_code,phone) VALUES (346,'1217 Konotop Avenue','','Gelderland',151,'504','718917251754');
INSERT INTO address (address_id,address,address2,district,city_id,postal_code,phone) VALUES (347,'1293 Nam Dinh Way','','Roraima',84,'71583','697656479977');
INSERT INTO address (address_id,address,address2,district,city_id,postal_code,phone) VALUES (348,'785 Vaduz Street','','Baja California',335,'36170','895616862749');
INSERT INTO address (address_id,address,address2,district,city_id,postal_code,phone) VALUES (349,'1516 Escobar Drive','','Tongatapu',370,'46069','64536069371');
INSERT INTO address (address_id,address,address2,district,city_id,postal_code,phone) VALUES (350,'1628 Nagareyama Lane','','Central',453,'60079','20064292617');
INSERT INTO address (address_id,address,address2,district,city_id,postal_code,phone) VALUES (351,'1157 Nyeri Loop','','Adygea',320,'56380','262744791493');
INSERT INTO address (address_id,address,address2,district,city_id,postal_code,phone) VALUES (352,'1673 Tangail Drive','','Daugavpils',137,'26857','627924259271');
INSERT INTO address (address_id,address,address2,district,city_id,postal_code,phone) VALUES (353,'381 Kabul Way','','Taipei',209,'87272','55477302294');
INSERT INTO address (address_id,address,address2,district,city_id,postal_code,phone) VALUES (354,'953 Hodeida Street','','Southern Tagalog',221,'18841','53912826864');
INSERT INTO address (address_id,address,address2,district,city_id,postal_code,phone) VALUES (355,'469 Nakhon Sawan Street','','Tuvassia',531,'58866','689199636560');
INSERT INTO address (address_id,address,address2,district,city_id,postal_code,phone) VALUES (356,'1378 Beira Loop','','Krasnojarsk',597,'40792','840957664136');
INSERT INTO address (address_id,address,address2,district,city_id,postal_code,phone) VALUES (357,'1641 Changhwa Place','','Nord-Ouest',52,'37636','256546485220');
INSERT INTO address (address_id,address,address2,district,city_id,postal_code,phone) VALUES (358,'1698 Southport Loop','','Hidalgo',393,'49009','754358349853');
INSERT INTO address (address_id,address,address2,district,city_id,postal_code,phone) VALUES (359,'519 Nyeri Manor','','So Paulo',461,'37650','764680915323');
INSERT INTO address (address_id,address,address2,district,city_id,postal_code,phone) VALUES (360,'619 Hunuco Avenue','','Shimane',331,'81508','142596392389');
INSERT INTO address (address_id,address,address2,district,city_id,postal_code,phone) VALUES (361,'45 Aparecida de Goinia Place','','Madhya Pradesh',464,'7431','650496654258');
INSERT INTO address (address_id,address,address2,district,city_id,postal_code,phone) VALUES (362,'482 Kowloon and New Kowloon Manor','','Bratislava',90,'97056','738968474939');
INSERT INTO address (address_id,address,address2,district,city_id,postal_code,phone) VALUES (363,'604 Bern Place','','Jharkhand',429,'5373','620719383725');
INSERT INTO address (address_id,address,address2,district,city_id,postal_code,phone) VALUES (364,'1623 Kingstown Drive','','Buenos Aires',20,'91299','296394569728');
INSERT INTO address (address_id,address,address2,district,city_id,postal_code,phone) VALUES (365,'1009 Zanzibar Lane','','Arecibo',32,'64875','102396298916');
INSERT INTO address (address_id,address,address2,district,city_id,postal_code,phone) VALUES (366,'114 Jalib al-Shuyukh Manor','','Centre',585,'60440','845378657301');
INSERT INTO address (address_id,address,address2,district,city_id,postal_code,phone) VALUES (367,'1163 London Parkway','','Par',66,'6066','675120358494');
INSERT INTO address (address_id,address,address2,district,city_id,postal_code,phone) VALUES (368,'1658 Jastrzebie-Zdrj Loop','','Central',372,'96584','568367775448');
INSERT INTO address (address_id,address,address2,district,city_id,postal_code,phone) VALUES (369,'817 Laredo Avenue','','Jalisco',188,'77449','151249681135');
INSERT INTO address (address_id,address,address2,district,city_id,postal_code,phone) VALUES (370,'1565 Tangail Manor','','Okinawa',377,'45750','634445428822');
INSERT INTO address (address_id,address,address2,district,city_id,postal_code,phone) VALUES (371,'1912 Emeishan Drive','','Balikesir',50,'33050','99883471275');
INSERT INTO address (address_id,address,address2,district,city_id,postal_code,phone) VALUES (372,'230 Urawa Drive','','Andhra Pradesh',8,'2738','166898395731');
INSERT INTO address (address_id,address,address2,district,city_id,postal_code,phone) VALUES (373,'1922 Miraj Way','','Esfahan',356,'13203','320471479776');
INSERT INTO address (address_id,address,address2,district,city_id,postal_code,phone) VALUES (374,'433 Florencia Street','','Chihuahua',250,'91330','561729882725');
INSERT INTO address (address_id,address,address2,district,city_id,postal_code,phone) VALUES (375,'1049 Matamoros Parkway','','Karnataka',191,'69640','960505250340');
INSERT INTO address (address_id,address,address2,district,city_id,postal_code,phone) VALUES (376,'1061 Ede Avenue','','Southern Tagalog',98,'57810','333390595558');
INSERT INTO address (address_id,address,address2,district,city_id,postal_code,phone) VALUES (377,'154 Oshawa Manor','','East Java',415,'72771','440365973660');
INSERT INTO address (address_id,address,address2,district,city_id,postal_code,phone) VALUES (378,'1191 Tandil Drive','','Southern Tagalog',523,'6362','45554316010');
INSERT INTO address (address_id,address,address2,district,city_id,postal_code,phone) VALUES (379,'1133 Rizhao Avenue','','Pernambuco',572,'2800','600264533987');
INSERT INTO address (address_id,address,address2,district,city_id,postal_code,phone) VALUES (380,'1519 Santiago de los Caballeros Loop','','East Kasai',348,'22025','409315295763');
INSERT INTO address (address_id,address,address2,district,city_id,postal_code,phone) VALUES (381,'1618 Olomouc Manor','','Kurgan',285,'26385','96846695220');
INSERT INTO address (address_id,address,address2,district,city_id,postal_code,phone) VALUES (382,'220 Hidalgo Drive','','Kermanshah',265,'45298','342720754566');
INSERT INTO address (address_id,address,address2,district,city_id,postal_code,phone) VALUES (383,'686 Donostia-San Sebastin Lane','','Guangdong',471,'97390','71857599858');
INSERT INTO address (address_id,address,address2,district,city_id,postal_code,phone) VALUES (384,'97 Mogiljov Lane','','Gujarat',73,'89294','924815207181');
INSERT INTO address (address_id,address,address2,district,city_id,postal_code,phone) VALUES (385,'1642 Charlotte Amalie Drive','','Slaskie',549,'75442','821476736117');
INSERT INTO address (address_id,address,address2,district,city_id,postal_code,phone) VALUES (386,'1368 Maracabo Boulevard','','',493,'32716','934352415130');
INSERT INTO address (address_id,address,address2,district,city_id,postal_code,phone) VALUES (387,'401 Sucre Boulevard','','New Hampshire',322,'25007','486395999608');
INSERT INTO address (address_id,address,address2,district,city_id,postal_code,phone) VALUES (388,'368 Hunuco Boulevard','','Namibe',360,'17165','106439158941');
INSERT INTO address (address_id,address,address2,district,city_id,postal_code,phone) VALUES (389,'500 Lincoln Parkway','','Jiangsu',210,'95509','550306965159');
INSERT INTO address (address_id,address,address2,district,city_id,postal_code,phone) VALUES (390,'102 Chapra Drive','','Ibaragi',521,'14073','776031833752');
INSERT INTO address (address_id,address,address2,district,city_id,postal_code,phone) VALUES (391,'1793 Meixian Place','','Hmelnytskyi',258,'33535','619966287415');
INSERT INTO address (address_id,address,address2,district,city_id,postal_code,phone) VALUES (392,'514 Ife Way','','Shaba',315,'69973','900235712074');
INSERT INTO address (address_id,address,address2,district,city_id,postal_code,phone) VALUES (393,'717 Changzhou Lane','','Southern Tagalog',104,'21615','426255288071');
INSERT INTO address (address_id,address,address2,district,city_id,postal_code,phone) VALUES (394,'753 Ilorin Avenue','','Sichuan',157,'3656','464511145118');
INSERT INTO address (address_id,address,address2,district,city_id,postal_code,phone) VALUES (395,'1337 Mit Ghamr Avenue','','Nakhon Sawan',358,'29810','175283210378');
INSERT INTO address (address_id,address,address2,district,city_id,postal_code,phone) VALUES (396,'767 Pyongyang Drive','','Osaka',229,'83536','667736124769');
INSERT INTO address (address_id,address,address2,district,city_id,postal_code,phone) VALUES (397,'614 Pak Kret Street','','Addis Abeba',6,'27796','47808359842');
INSERT INTO address (address_id,address,address2,district,city_id,postal_code,phone) VALUES (398,'954 Lapu-Lapu Way','','Moskova',278,'8816','737229003916');
INSERT INTO address (address_id,address,address2,district,city_id,postal_code,phone) VALUES (399,'331 Bydgoszcz Parkway','','Asturia',181,'966','537374465982');
INSERT INTO address (address_id,address,address2,district,city_id,postal_code,phone) VALUES (400,'1152 Citrus Heights Manor','','al-Qadarif',15,'5239','765957414528');
INSERT INTO address (address_id,address,address2,district,city_id,postal_code,phone) VALUES (401,'168 Cianjur Manor','','Saitama',228,'73824','679095087143');
INSERT INTO address (address_id,address,address2,district,city_id,postal_code,phone) VALUES (402,'616 Hagonoy Avenue','','Krasnojarsk',39,'46043','604177838256');
INSERT INTO address (address_id,address,address2,district,city_id,postal_code,phone) VALUES (403,'1190 0 Place','','Rio Grande do Sul',44,'10417','841876514789');
INSERT INTO address (address_id,address,address2,district,city_id,postal_code,phone) VALUES (404,'734 Bchar Place','','Punjab',375,'30586','280578750435');
INSERT INTO address (address_id,address,address2,district,city_id,postal_code,phone) VALUES (405,'530 Lausanne Lane','','Texas',135,'11067','775235029633');
INSERT INTO address (address_id,address,address2,district,city_id,postal_code,phone) VALUES (406,'454 Patiala Lane','','Fukushima',276,'13496','794553031307');
INSERT INTO address (address_id,address,address2,district,city_id,postal_code,phone) VALUES (407,'1346 Mysore Drive','','Bretagne',92,'61507','516647474029');
INSERT INTO address (address_id,address,address2,district,city_id,postal_code,phone) VALUES (408,'990 Etawah Loop','','Tamil Nadu',564,'79940','206169448769');
INSERT INTO address (address_id,address,address2,district,city_id,postal_code,phone) VALUES (409,'1266 Laredo Parkway','','Saitama',380,'7664','1483365694');
INSERT INTO address (address_id,address,address2,district,city_id,postal_code,phone) VALUES (410,'88 Nagaon Manor','','Buenos Aires',524,'86868','779461480495');
INSERT INTO address (address_id,address,address2,district,city_id,postal_code,phone) VALUES (411,'264 Bhimavaram Manor','','St Thomas',111,'54749','302526949177');
INSERT INTO address (address_id,address,address2,district,city_id,postal_code,phone) VALUES (412,'1639 Saarbrcken Drive','','North West',437,'9827','328494873422');
INSERT INTO address (address_id,address,address2,district,city_id,postal_code,phone) VALUES (413,'692 Amroha Drive','','Northern',230,'35575','359478883004');
INSERT INTO address (address_id,address,address2,district,city_id,postal_code,phone) VALUES (414,'1936 Lapu-Lapu Parkway','','Bauchi & Gombe',141,'7122','653436985797');
INSERT INTO address (address_id,address,address2,district,city_id,postal_code,phone) VALUES (415,'432 Garden Grove Street','','Ontario',430,'65630','615964523510');
INSERT INTO address (address_id,address,address2,district,city_id,postal_code,phone) VALUES (416,'1445 Carmen Parkway','','West Java',117,'70809','598912394463');
INSERT INTO address (address_id,address,address2,district,city_id,postal_code,phone) VALUES (417,'791 Salinas Street','','Punjab',208,'40509','129953030512');
INSERT INTO address (address_id,address,address2,district,city_id,postal_code,phone) VALUES (418,'126 Acua Parkway','','West Bengali',71,'58888','480039662421');
INSERT INTO address (address_id,address,address2,district,city_id,postal_code,phone) VALUES (419,'397 Sunnyvale Avenue','','Guanajuato',19,'55566','680851640676');
INSERT INTO address (address_id,address,address2,district,city_id,postal_code,phone) VALUES (420,'992 Klerksdorp Loop','','Utrecht',23,'33711','855290087237');
INSERT INTO address (address_id,address,address2,district,city_id,postal_code,phone) VALUES (421,'966 Arecibo Loop','','Sind',134,'94018','15273765306');
INSERT INTO address (address_id,address,address2,district,city_id,postal_code,phone) VALUES (422,'289 Santo Andr Manor','','al-Sharqiya',16,'72410','214976066017');
INSERT INTO address (address_id,address,address2,district,city_id,postal_code,phone) VALUES (423,'437 Chungho Drive','','Puerto Plata',450,'59489','491271355190');
INSERT INTO address (address_id,address,address2,district,city_id,postal_code,phone) VALUES (424,'1948 Bayugan Parkway','','Bihar',264,'60622','987306329957');
INSERT INTO address (address_id,address,address2,district,city_id,postal_code,phone) VALUES (425,'1866 al-Qatif Avenue','','California',155,'89420','546793516940');
INSERT INTO address (address_id,address,address2,district,city_id,postal_code,phone) VALUES (426,'1661 Abha Drive','','Tamil Nadu',416,'14400','270456873752');
INSERT INTO address (address_id,address,address2,district,city_id,postal_code,phone) VALUES (427,'1557 Cape Coral Parkway','','Hubei',293,'46875','368284120423');
INSERT INTO address (address_id,address,address2,district,city_id,postal_code,phone) VALUES (428,'1727 Matamoros Place','','Sawhaj',465,'78813','129673677866');
INSERT INTO address (address_id,address,address2,district,city_id,postal_code,phone) VALUES (429,'1269 Botosani Manor','','Guangdong',468,'47394','736517327853');
INSERT INTO address (address_id,address,address2,district,city_id,postal_code,phone) VALUES (430,'355 Vitria de Santo Anto Way','','Oaxaca',452,'81758','548003849552');
INSERT INTO address (address_id,address,address2,district,city_id,postal_code,phone) VALUES (431,'1596 Acua Parkway','','Jharkhand',418,'70425','157133457169');
INSERT INTO address (address_id,address,address2,district,city_id,postal_code,phone) VALUES (432,'259 Ipoh Drive','','So Paulo',189,'64964','419009857119');
INSERT INTO address (address_id,address,address2,district,city_id,postal_code,phone) VALUES (433,'1823 Hoshiarpur Lane','','Komi',510,'33191','307133768620');
INSERT INTO address (address_id,address,address2,district,city_id,postal_code,phone) VALUES (434,'1404 Taguig Drive','','Okayama',547,'87212','572068624538');
INSERT INTO address (address_id,address,address2,district,city_id,postal_code,phone) VALUES (435,'740 Udaipur Lane','','Nizni Novgorod',150,'33505','497288595103');
INSERT INTO address (address_id,address,address2,district,city_id,postal_code,phone) VALUES (436,'287 Cuautla Boulevard','','Chuquisaca',501,'72736','82619513349');
INSERT INTO address (address_id,address,address2,district,city_id,postal_code,phone) VALUES (437,'1766 Almirante Brown Street','','KwaZulu-Natal',364,'63104','617567598243');
INSERT INTO address (address_id,address,address2,district,city_id,postal_code,phone) VALUES (438,'596 Huixquilucan Place','','Nampula',351,'65892','342709348083');
INSERT INTO address (address_id,address,address2,district,city_id,postal_code,phone) VALUES (439,'1351 Aparecida de Goinia Parkway','','Northern Mindanao',391,'41775','959834530529');
INSERT INTO address (address_id,address,address2,district,city_id,postal_code,phone) VALUES (440,'722 Bradford Lane','','Shandong',249,'90920','746251338300');
INSERT INTO address (address_id,address,address2,district,city_id,postal_code,phone) VALUES (441,'983 Santa F Way','','British Colombia',565,'47472','145720452260');
INSERT INTO address (address_id,address,address2,district,city_id,postal_code,phone) VALUES (442,'1245 Ibirit Way','','La Romana',290,'40926','331888642162');
INSERT INTO address (address_id,address,address2,district,city_id,postal_code,phone) VALUES (443,'1836 Korla Parkway','','Copperbelt',272,'55405','689681677428');
INSERT INTO address (address_id,address,address2,district,city_id,postal_code,phone) VALUES (444,'231 Kaliningrad Place','','Lombardia',70,'57833','575081026569');
INSERT INTO address (address_id,address,address2,district,city_id,postal_code,phone) VALUES (445,'495 Bhimavaram Lane','','Maharashtra',144,'3','82088937724');
INSERT INTO address (address_id,address,address2,district,city_id,postal_code,phone) VALUES (446,'1924 Shimonoseki Drive','','Batna',59,'52625','406784385440');
INSERT INTO address (address_id,address,address2,district,city_id,postal_code,phone) VALUES (447,'105 Dzerzinsk Manor','','Inner Mongolia',540,'48570','240776414296');
INSERT INTO address (address_id,address,address2,district,city_id,postal_code,phone) VALUES (448,'614 Denizli Parkway','','Rio Grande do Sul',486,'29444','876491807547');
INSERT INTO address (address_id,address,address2,district,city_id,postal_code,phone) VALUES (449,'1289 Belm Boulevard','','Tartumaa',530,'88306','237368926031');
INSERT INTO address (address_id,address,address2,district,city_id,postal_code,phone) VALUES (450,'203 Tambaram Street','','Buenos Aires',161,'73942','411549550611');
INSERT INTO address (address_id,address,address2,district,city_id,postal_code,phone) VALUES (451,'1704 Tambaram Manor','','West Bengali',554,'2834','39463554936');
INSERT INTO address (address_id,address,address2,district,city_id,postal_code,phone) VALUES (452,'207 Cuernavaca Loop','','Tatarstan',352,'52671','782900030287');
INSERT INTO address (address_id,address,address2,district,city_id,postal_code,phone) VALUES (453,'319 Springs Loop','','Baijeri',160,'99552','72524459905');
INSERT INTO address (address_id,address,address2,district,city_id,postal_code,phone) VALUES (454,'956 Nam Dinh Manor','','Kerman',481,'21872','474047727727');
INSERT INTO address (address_id,address,address2,district,city_id,postal_code,phone) VALUES (455,'1947 Paarl Way','','Central Java',509,'23636','834061016202');
INSERT INTO address (address_id,address,address2,district,city_id,postal_code,phone) VALUES (456,'814 Simferopol Loop','','Sinaloa',154,'48745','524567129902');
INSERT INTO address (address_id,address,address2,district,city_id,postal_code,phone) VALUES (457,'535 Ahmadnagar Manor','','Abu Dhabi',3,'41136','985109775584');
INSERT INTO address (address_id,address,address2,district,city_id,postal_code,phone) VALUES (458,'138 Caracas Boulevard','','Zulia',326,'16790','974433019532');
INSERT INTO address (address_id,address,address2,district,city_id,postal_code,phone) VALUES (459,'251 Florencia Drive','','Michoacn de Ocampo',556,'16119','118011831565');
INSERT INTO address (address_id,address,address2,district,city_id,postal_code,phone) VALUES (460,'659 Gatineau Boulevard','','La Paz',153,'28587','205524798287');
INSERT INTO address (address_id,address,address2,district,city_id,postal_code,phone) VALUES (461,'1889 Valparai Way','','Ziguinchor',600,'75559','670370974122');
INSERT INTO address (address_id,address,address2,district,city_id,postal_code,phone) VALUES (462,'1485 Bratislava Place','','Illinois',435,'83183','924663855568');
INSERT INTO address (address_id,address,address2,district,city_id,postal_code,phone) VALUES (463,'935 Aden Boulevard','','Central Java',532,'64709','335052544020');
INSERT INTO address (address_id,address,address2,district,city_id,postal_code,phone) VALUES (464,'76 Kermanshah Manor','','Esfahan',423,'23343','762361821578');
INSERT INTO address (address_id,address,address2,district,city_id,postal_code,phone) VALUES (465,'734 Tanshui Avenue','','Caquet',170,'70664','366776723320');
INSERT INTO address (address_id,address,address2,district,city_id,postal_code,phone) VALUES (466,'118 Jaffna Loop','','Northern Mindanao',182,'10447','325526730021');
INSERT INTO address (address_id,address,address2,district,city_id,postal_code,phone) VALUES (467,'1621 Tongliao Avenue','','Irkutsk',558,'22173','209342540247');
INSERT INTO address (address_id,address,address2,district,city_id,postal_code,phone) VALUES (468,'1844 Usak Avenue','','Nova Scotia',196,'84461','164414772677');
INSERT INTO address (address_id,address,address2,district,city_id,postal_code,phone) VALUES (469,'1872 Toulon Loop','','OHiggins',428,'7939','928809465153');
INSERT INTO address (address_id,address,address2,district,city_id,postal_code,phone) VALUES (470,'1088 Ibirit Place','','Jalisco',595,'88502','49084281333');
INSERT INTO address (address_id,address,address2,district,city_id,postal_code,phone) VALUES (471,'1322 Mosul Parkway','','Shandong',145,'95400','268053970382');
INSERT INTO address (address_id,address,address2,district,city_id,postal_code,phone) VALUES (472,'1447 Chatsworth Place','','Chihuahua',129,'41545','769370126331');
INSERT INTO address (address_id,address,address2,district,city_id,postal_code,phone) VALUES (473,'1257 Guadalajara Street','','Karnataka',78,'33599','195337700615');
INSERT INTO address (address_id,address,address2,district,city_id,postal_code,phone) VALUES (474,'1469 Plock Lane','','Galicia',388,'95835','622884741180');
INSERT INTO address (address_id,address,address2,district,city_id,postal_code,phone) VALUES (475,'434 Ourense (Orense) Manor','','Hodeida',206,'14122','562370137426');
INSERT INTO address (address_id,address,address2,district,city_id,postal_code,phone) VALUES (476,'270 Tambaram Parkway','','Gauteng',244,'9668','248446668735');
INSERT INTO address (address_id,address,address2,district,city_id,postal_code,phone) VALUES (477,'1786 Salinas Place','','Nam Ha',359,'66546','206060652238');
INSERT INTO address (address_id,address,address2,district,city_id,postal_code,phone) VALUES (478,'1078 Stara Zagora Drive','','Aceh',301,'69221','932992626595');
INSERT INTO address (address_id,address,address2,district,city_id,postal_code,phone) VALUES (479,'1854 Okara Boulevard','','Drenthe',158,'42123','131912793873');
INSERT INTO address (address_id,address,address2,district,city_id,postal_code,phone) VALUES (480,'421 Yaound Street','','Sumy',385,'11363','726875628268');
INSERT INTO address (address_id,address,address2,district,city_id,postal_code,phone) VALUES (481,'1153 Allende Way','','Qubec',179,'20336','856872225376');
INSERT INTO address (address_id,address,address2,district,city_id,postal_code,phone) VALUES (482,'808 Naala-Porto Parkway','','England',500,'41060','553452430707');
INSERT INTO address (address_id,address,address2,district,city_id,postal_code,phone) VALUES (483,'632 Usolje-Sibirskoje Parkway','','Ha Darom',36,'73085','667648979883');
INSERT INTO address (address_id,address,address2,district,city_id,postal_code,phone) VALUES (484,'98 Pyongyang Boulevard','','Ohio',11,'88749','191958435142');
INSERT INTO address (address_id,address,address2,district,city_id,postal_code,phone) VALUES (485,'984 Novoterkassk Loop','','Gaziantep',180,'28165','435118527255');
INSERT INTO address (address_id,address,address2,district,city_id,postal_code,phone) VALUES (486,'64 Korla Street','','Mwanza',347,'25145','510383179153');
INSERT INTO address (address_id,address,address2,district,city_id,postal_code,phone) VALUES (487,'1785 So Bernardo do Campo Street','','Veracruz',125,'71182','684529463244');
INSERT INTO address (address_id,address,address2,district,city_id,postal_code,phone) VALUES (488,'698 Jelets Boulevard','','Denizli',142,'2596','975185523021');
INSERT INTO address (address_id,address,address2,district,city_id,postal_code,phone) VALUES (489,'1297 Alvorada Parkway','','Ningxia',587,'11839','508348602835');
INSERT INTO address (address_id,address,address2,district,city_id,postal_code,phone) VALUES (490,'1909 Dayton Avenue','','Guangdong',469,'88513','702955450528');
INSERT INTO address (address_id,address,address2,district,city_id,postal_code,phone) VALUES (491,'1789 Saint-Denis Parkway','','Coahuila de Zaragoza',4,'8268','936806643983');
INSERT INTO address (address_id,address,address2,district,city_id,postal_code,phone) VALUES (492,'185 Mannheim Lane','','Stavropol',408,'23661','589377568313');
INSERT INTO address (address_id,address,address2,district,city_id,postal_code,phone) VALUES (493,'184 Mandaluyong Street','','Baja California Sur',288,'94239','488425406814');
INSERT INTO address (address_id,address,address2,district,city_id,postal_code,phone) VALUES (494,'591 Sungai Petani Drive','','Okayama',376,'46400','37247325001');
INSERT INTO address (address_id,address,address2,district,city_id,postal_code,phone) VALUES (495,'656 Matamoros Drive','','Boyac',487,'19489','17305839123');
INSERT INTO address (address_id,address,address2,district,city_id,postal_code,phone) VALUES (496,'775 ostka Drive','','al-Daqahliya',337,'22358','171973024401');
INSERT INTO address (address_id,address,address2,district,city_id,postal_code,phone) VALUES (497,'1013 Tabuk Boulevard','','West Bengali',261,'96203','158399646978');
INSERT INTO address (address_id,address,address2,district,city_id,postal_code,phone) VALUES (498,'319 Plock Parkway','','Istanbul',504,'26101','854259976812');
INSERT INTO address (address_id,address,address2,district,city_id,postal_code,phone) VALUES (499,'1954 Kowloon and New Kowloon Way','','Chimborazo',434,'63667','898559280434');
INSERT INTO address (address_id,address,address2,district,city_id,postal_code,phone) VALUES (500,'362 Rajkot Lane','','Gansu',47,'98030','962020153680');
INSERT INTO address (address_id,address,address2,district,city_id,postal_code,phone) VALUES (501,'1060 Tandil Lane','','Shandong',432,'72349','211256301880');
INSERT INTO address (address_id,address,address2,district,city_id,postal_code,phone) VALUES (502,'1515 Korla Way','','England',589,'57197','959467760895');
INSERT INTO address (address_id,address,address2,district,city_id,postal_code,phone) VALUES (503,'1416 San Juan Bautista Tuxtepec Avenue','','Zufar',444,'50592','144206758053');
INSERT INTO address (address_id,address,address2,district,city_id,postal_code,phone) VALUES (504,'1 Valle de Santiago Avenue','','Apulia',93,'86208','465897838272');
INSERT INTO address (address_id,address,address2,district,city_id,postal_code,phone) VALUES (505,'519 Brescia Parkway','','East Java',318,'69504','793996678771');
INSERT INTO address (address_id,address,address2,district,city_id,postal_code,phone) VALUES (506,'414 Mandaluyong Street','','Lubelskie',314,'16370','52709222667');
INSERT INTO address (address_id,address,address2,district,city_id,postal_code,phone) VALUES (507,'1197 Sokoto Boulevard','','West Bengali',478,'87687','868602816371');
INSERT INTO address (address_id,address,address2,district,city_id,postal_code,phone) VALUES (508,'496 Celaya Drive','','Nagano',552,'90797','759586584889');
INSERT INTO address (address_id,address,address2,district,city_id,postal_code,phone) VALUES (509,'786 Matsue Way','','Illinois',245,'37469','111177206479');
INSERT INTO address (address_id,address,address2,district,city_id,postal_code,phone) VALUES (510,'48 Maracabo Place','','Central Luzon',519,'1570','82671830126');
INSERT INTO address (address_id,address,address2,district,city_id,postal_code,phone) VALUES (511,'1152 al-Qatif Lane','','Kalimantan Barat',412,'44816','131370665218');
INSERT INTO address (address_id,address,address2,district,city_id,postal_code,phone) VALUES (512,'1269 Ipoh Avenue','','Eskisehir',163,'54674','402630109080');
INSERT INTO address (address_id,address,address2,district,city_id,postal_code,phone) VALUES (513,'758 Korolev Parkway','','Andhra Pradesh',568,'75474','441628280920');
INSERT INTO address (address_id,address,address2,district,city_id,postal_code,phone) VALUES (514,'1747 Rustenburg Place','','Bihar',110,'51369','442673923363');
INSERT INTO address (address_id,address,address2,district,city_id,postal_code,phone) VALUES (515,'886 Tonghae Place','','Volgograd',259,'19450','711928348157');
INSERT INTO address (address_id,address,address2,district,city_id,postal_code,phone) VALUES (516,'1574 Goinia Boulevard','','Heilongjiang',502,'39529','59634255214');
INSERT INTO address (address_id,address,address2,district,city_id,postal_code,phone) VALUES (517,'548 Uruapan Street','','Ontario',312,'35653','879347453467');
INSERT INTO address (address_id,address,address2,district,city_id,postal_code,phone) VALUES (519,'962 Tama Loop','','',583,'65952','282667506728');
INSERT INTO address (address_id,address,address2,district,city_id,postal_code,phone) VALUES (520,'1778 Gijn Manor','','Hubei',594,'35156','288910576761');
INSERT INTO address (address_id,address,address2,district,city_id,postal_code,phone) VALUES (521,'568 Dhule (Dhulia) Loop','','Coquimbo',127,'92568','602101369463');
INSERT INTO address (address_id,address,address2,district,city_id,postal_code,phone) VALUES (522,'1768 Udine Loop','','Battambang',60,'32347','448876499197');
INSERT INTO address (address_id,address,address2,district,city_id,postal_code,phone) VALUES (523,'608 Birgunj Parkway','','Taipei',116,'400','627425618482');
INSERT INTO address (address_id,address,address2,district,city_id,postal_code,phone) VALUES (524,'680 A Corua (La Corua) Manor','','Sivas',482,'49806','158326114853');
INSERT INTO address (address_id,address,address2,district,city_id,postal_code,phone) VALUES (525,'1949 Sanya Street','','Gumma',224,'61244','132100972047');
INSERT INTO address (address_id,address,address2,district,city_id,postal_code,phone) VALUES (526,'617 Klerksdorp Place','','Khanh Hoa',366,'94707','574973479129');
INSERT INTO address (address_id,address,address2,district,city_id,postal_code,phone) VALUES (527,'1993 0 Loop','','Liaoning',588,'41214','25865528181');
INSERT INTO address (address_id,address,address2,district,city_id,postal_code,phone) VALUES (528,'1176 Southend-on-Sea Manor','','Southern Tagalog',458,'81651','236679267178');
INSERT INTO address (address_id,address,address2,district,city_id,postal_code,phone) VALUES (529,'600 Purnea (Purnia) Avenue','','Nghe An',571,'18043','638409958875');
INSERT INTO address (address_id,address,address2,district,city_id,postal_code,phone) VALUES (530,'1003 Qinhuangdao Street','','West Java',419,'25972','35533115997');
INSERT INTO address (address_id,address,address2,district,city_id,postal_code,phone) VALUES (531,'1986 Sivas Place','','Friuli-Venezia Giuli',551,'95775','182059202712');
INSERT INTO address (address_id,address,address2,district,city_id,postal_code,phone) VALUES (532,'1427 Tabuk Place','','Florida',101,'31342','214756839122');
INSERT INTO address (address_id,address,address2,district,city_id,postal_code,phone) VALUES (533,'556 Asuncin Way','','Mogiljov',339,'35364','338244023543');
INSERT INTO address (address_id,address,address2,district,city_id,postal_code,phone) VALUES (534,'486 Ondo Parkway','','Benguela',67,'35202','105882218332');
INSERT INTO address (address_id,address,address2,district,city_id,postal_code,phone) VALUES (535,'635 Brest Manor','','Andhra Pradesh',75,'40899','80593242951');
INSERT INTO address (address_id,address,address2,district,city_id,postal_code,phone) VALUES (536,'166 Jinchang Street','','Buenos Aires',165,'86760','717566026669');
INSERT INTO address (address_id,address,address2,district,city_id,postal_code,phone) VALUES (537,'958 Sagamihara Lane','','Mie',287,'88408','427274926505');
INSERT INTO address (address_id,address,address2,district,city_id,postal_code,phone) VALUES (538,'1817 Livorno Way','','Khanh Hoa',100,'79401','478380208348');
INSERT INTO address (address_id,address,address2,district,city_id,postal_code,phone) VALUES (539,'1332 Gaziantep Lane','','Shandong',80,'22813','383353187467');
INSERT INTO address (address_id,address,address2,district,city_id,postal_code,phone) VALUES (540,'949 Allende Lane','','Uttar Pradesh',24,'67521','122981120653');
INSERT INTO address (address_id,address,address2,district,city_id,postal_code,phone) VALUES (541,'195 Ilorin Street','','Chari-Baguirmi',363,'49250','8912935608');
INSERT INTO address (address_id,address,address2,district,city_id,postal_code,phone) VALUES (542,'193 Bhusawal Place','','Kang-won',539,'9750','745267607502');
INSERT INTO address (address_id,address,address2,district,city_id,postal_code,phone) VALUES (543,'43 Vilnius Manor','','Colorado',42,'79814','484500282381');
INSERT INTO address (address_id,address,address2,district,city_id,postal_code,phone) VALUES (544,'183 Haiphong Street','','Jilin',46,'69953','488600270038');
INSERT INTO address (address_id,address,address2,district,city_id,postal_code,phone) VALUES (545,'163 Augusta-Richmond County Loop','','Carabobo',561,'33030','754579047924');
INSERT INTO address (address_id,address,address2,district,city_id,postal_code,phone) VALUES (546,'191 Jos Azueta Parkway','','Ruse',436,'13629','932156667696');
INSERT INTO address (address_id,address,address2,district,city_id,postal_code,phone) VALUES (547,'379 Lublin Parkway','','Toscana',309,'74568','921960450089');
INSERT INTO address (address_id,address,address2,district,city_id,postal_code,phone) VALUES (548,'1658 Cuman Loop','','Sumatera Selatan',396,'51309','784907335610');
INSERT INTO address (address_id,address,address2,district,city_id,postal_code,phone) VALUES (549,'454 Qinhuangdao Drive','','Tadla-Azilal',68,'25866','786270036240');
INSERT INTO address (address_id,address,address2,district,city_id,postal_code,phone) VALUES (550,'1715 Okayama Street','','So Paulo',485,'55676','169352919175');
INSERT INTO address (address_id,address,address2,district,city_id,postal_code,phone) VALUES (551,'182 Nukualofa Drive','','Sumy',275,'15414','426346224043');
INSERT INTO address (address_id,address,address2,district,city_id,postal_code,phone) VALUES (552,'390 Wroclaw Way','','Hainan',462,'5753','357593328658');
INSERT INTO address (address_id,address,address2,district,city_id,postal_code,phone) VALUES (553,'1421 Quilmes Lane','','Ishikawa',260,'19151','135407755975');
INSERT INTO address (address_id,address,address2,district,city_id,postal_code,phone) VALUES (554,'947 Trshavn Place','','Central Luzon',528,'841','50898428626');
INSERT INTO address (address_id,address,address2,district,city_id,postal_code,phone) VALUES (555,'1764 Jalib al-Shuyukh Parkway','','Galicia',459,'77642','84794532510');
INSERT INTO address (address_id,address,address2,district,city_id,postal_code,phone) VALUES (556,'346 Cam Ranh Avenue','','Zhejiang',599,'39976','978430786151');
INSERT INTO address (address_id,address,address2,district,city_id,postal_code,phone) VALUES (557,'1407 Pachuca de Soto Place','','Rio Grande do Sul',21,'26284','380077794770');
INSERT INTO address (address_id,address,address2,district,city_id,postal_code,phone) VALUES (558,'904 Clarksville Drive','','Zhejiang',193,'52234','955349440539');
INSERT INTO address (address_id,address,address2,district,city_id,postal_code,phone) VALUES (559,'1917 Kumbakonam Parkway','','Vojvodina',368,'11892','698182547686');
INSERT INTO address (address_id,address,address2,district,city_id,postal_code,phone) VALUES (560,'1447 Imus Place','','Gujarat',426,'12905','62127829280');
INSERT INTO address (address_id,address,address2,district,city_id,postal_code,phone) VALUES (561,'1497 Fengshan Drive','','KwaZulu-Natal',112,'63022','368738360376');
INSERT INTO address (address_id,address,address2,district,city_id,postal_code,phone) VALUES (562,'869 Shikarpur Way','','England',496,'57380','590764256785');
INSERT INTO address (address_id,address,address2,district,city_id,postal_code,phone) VALUES (563,'1059 Yuncheng Avenue','','Vilna',570,'47498','107092893983');
INSERT INTO address (address_id,address,address2,district,city_id,postal_code,phone) VALUES (564,'505 Madiun Boulevard','','Dolnoslaskie',577,'97271','970638808606');
INSERT INTO address (address_id,address,address2,district,city_id,postal_code,phone) VALUES (565,'1741 Hoshiarpur Boulevard','','al-Sharqiya',79,'22372','855066328617');
INSERT INTO address (address_id,address,address2,district,city_id,postal_code,phone) VALUES (566,'1229 Varanasi (Benares) Manor','','Buenos Aires',43,'40195','817740355461');
INSERT INTO address (address_id,address,address2,district,city_id,postal_code,phone) VALUES (567,'1894 Boa Vista Way','','Texas',178,'77464','239357986667');
INSERT INTO address (address_id,address,address2,district,city_id,postal_code,phone) VALUES (568,'1342 Sharja Way','','Sokoto & Kebbi & Zam',488,'93655','946114054231');
INSERT INTO address (address_id,address,address2,district,city_id,postal_code,phone) VALUES (569,'1342 Abha Boulevard','','Bukarest',95,'10714','997453607116');
INSERT INTO address (address_id,address,address2,district,city_id,postal_code,phone) VALUES (570,'415 Pune Avenue','','Shandong',580,'44274','203202500108');
INSERT INTO address (address_id,address,address2,district,city_id,postal_code,phone) VALUES (571,'1746 Faaa Way','','Huanuco',214,'32515','863080561151');
INSERT INTO address (address_id,address,address2,district,city_id,postal_code,phone) VALUES (572,'539 Hami Way','','Tokat',538,'52196','525518075499');
INSERT INTO address (address_id,address,address2,district,city_id,postal_code,phone) VALUES (573,'1407 Surakarta Manor','','Moskova',466,'33224','324346485054');
INSERT INTO address (address_id,address,address2,district,city_id,postal_code,phone) VALUES (574,'502 Mandi Bahauddin Parkway','','Anzotegui',55,'15992','618156722572');
INSERT INTO address (address_id,address,address2,district,city_id,postal_code,phone) VALUES (575,'1052 Pathankot Avenue','','Sichuan',299,'77397','128499386727');
INSERT INTO address (address_id,address,address2,district,city_id,postal_code,phone) VALUES (576,'1351 Sousse Lane','','Coahuila de Zaragoza',341,'37815','203804046132');
INSERT INTO address (address_id,address,address2,district,city_id,postal_code,phone) VALUES (577,'1501 Pangkal Pinang Avenue','','Mazowieckie',409,'943','770864062795');
INSERT INTO address (address_id,address,address2,district,city_id,postal_code,phone) VALUES (578,'1405 Hagonoy Avenue','','Slaskie',133,'86587','867287719310');
INSERT INTO address (address_id,address,address2,district,city_id,postal_code,phone) VALUES (579,'521 San Juan Bautista Tuxtepec Place','','Qaraghandy',598,'95093','844018348565');
INSERT INTO address (address_id,address,address2,district,city_id,postal_code,phone) VALUES (580,'923 Tangail Boulevard','','Tokyo-to',10,'33384','315528269898');
INSERT INTO address (address_id,address,address2,district,city_id,postal_code,phone) VALUES (581,'186 Skikda Lane','','Morelos',131,'89422','14465669789');
INSERT INTO address (address_id,address,address2,district,city_id,postal_code,phone) VALUES (582,'1568 Celaya Parkway','','Kaohsiung',168,'34750','278669994384');
INSERT INTO address (address_id,address,address2,district,city_id,postal_code,phone) VALUES (583,'1489 Kakamigahara Lane','','Taipei',526,'98883','29341849811');
INSERT INTO address (address_id,address,address2,district,city_id,postal_code,phone) VALUES (584,'1819 Alessandria Loop','','Campeche',103,'53829','377633994405');
INSERT INTO address (address_id,address,address2,district,city_id,postal_code,phone) VALUES (585,'1208 Tama Loop','','Ninawa',344,'73605','954786054144');
INSERT INTO address (address_id,address,address2,district,city_id,postal_code,phone) VALUES (586,'951 Springs Lane','','Central Mindanao',219,'96115','165164761435');
INSERT INTO address (address_id,address,address2,district,city_id,postal_code,phone) VALUES (587,'760 Miyakonojo Drive','','Guerrero',246,'64682','294449058179');
INSERT INTO address (address_id,address,address2,district,city_id,postal_code,phone) VALUES (588,'966 Asuncin Way','','Hidalgo',212,'62703','995527378381');
INSERT INTO address (address_id,address,address2,district,city_id,postal_code,phone) VALUES (589,'1584 Ljubertsy Lane','','England',494,'22954','285710089439');
INSERT INTO address (address_id,address,address2,district,city_id,postal_code,phone) VALUES (590,'247 Jining Parkway','','Banjul',54,'53446','170115379190');
INSERT INTO address (address_id,address,address2,district,city_id,postal_code,phone) VALUES (591,'773 Dallas Manor','','Buenos Aires',424,'12664','914466027044');
INSERT INTO address (address_id,address,address2,district,city_id,postal_code,phone) VALUES (592,'1923 Stara Zagora Lane','','Nantou',546,'95179','182178609211');
INSERT INTO address (address_id,address,address2,district,city_id,postal_code,phone) VALUES (593,'1402 Zanzibar Boulevard','','Guanajuato',106,'71102','387448063440');
INSERT INTO address (address_id,address,address2,district,city_id,postal_code,phone) VALUES (594,'1464 Kursk Parkway','','Shandong',574,'17381','338758048786');
INSERT INTO address (address_id,address,address2,district,city_id,postal_code,phone) VALUES (595,'1074 Sanaa Parkway','','Loja',311,'22474','154124128457');
INSERT INTO address (address_id,address,address2,district,city_id,postal_code,phone) VALUES (596,'1759 Niznekamsk Avenue','','al-Manama',14,'39414','864392582257');
INSERT INTO address (address_id,address,address2,district,city_id,postal_code,phone) VALUES (597,'32 Liaocheng Way','','Minas Gerais',248,'1944','410877354933');
INSERT INTO address (address_id,address,address2,district,city_id,postal_code,phone) VALUES (598,'42 Fontana Avenue','','Fejr',512,'14684','437829801725');
INSERT INTO address (address_id,address,address2,district,city_id,postal_code,phone) VALUES (599,'1895 Zhezqazghan Drive','','California',177,'36693','137809746111');
INSERT INTO address (address_id,address,address2,district,city_id,postal_code,phone) VALUES (600,'1837 Kaduna Parkway','','Inner Mongolia',241,'82580','640843562301');
INSERT INTO address (address_id,address,address2,district,city_id,postal_code,phone) VALUES (601,'844 Bucuresti Place','','Liaoning',242,'36603','935952366111');
INSERT INTO address (address_id,address,address2,district,city_id,postal_code,phone) VALUES (602,'1101 Bucuresti Boulevard','','West Greece',401,'97661','199514580428');
INSERT INTO address (address_id,address,address2,district,city_id,postal_code,phone) VALUES (603,'1103 Quilmes Boulevard','','Piura',503,'52137','644021380889');
INSERT INTO address (address_id,address,address2,district,city_id,postal_code,phone) VALUES (604,'1331 Usak Boulevard','','Vaud',296,'61960','145308717464');
INSERT INTO address (address_id,address,address2,district,city_id,postal_code,phone) VALUES (605,'1325 Fukuyama Street','','Heilongjiang',537,'27107','288241215394');



INSERT INTO customer (customer_id,store_id,first_name,last_name,email,address_id,active) VALUES (1,1,'MARY','SMITH','MARY.SMITH@sakilacustomer.org',5,1);
INSERT INTO customer (customer_id,store_id,first_name,last_name,email,address_id,active) VALUES (2,1,'PATRICIA','JOHNSON','PATRICIA.JOHNSON@sakilacustomer.org',6,1);
INSERT INTO customer (customer_id,store_id,first_name,last_name,email,address_id,active) VALUES (3,1,'LINDA','WILLIAMS','LINDA.WILLIAMS@sakilacustomer.org',7,1);
INSERT INTO customer (customer_id,store_id,first_name,last_name,email,address_id,active) VALUES (4,2,'BARBARA','JONES','BARBARA.JONES@sakilacustomer.org',8,1);
INSERT INTO customer (customer_id,store_id,first_name,last_name,email,address_id,active) VALUES (5,1,'ELIZABETH','BROWN','ELIZABETH.BROWN@sakilacustomer.org',9,1);
INSERT INTO customer (customer_id,store_id,first_name,last_name,email,address_id,active) VALUES (6,2,'JENNIFER','DAVIS','JENNIFER.DAVIS@sakilacustomer.org',10,1);
INSERT INTO customer (customer_id,store_id,first_name,last_name,email,address_id,active) VALUES (7,1,'MARIA','MILLER','MARIA.MILLER@sakilacustomer.org',11,1);
INSERT INTO customer (customer_id,store_id,first_name,last_name,email,address_id,active) VALUES (8,2,'SUSAN','WILSON','SUSAN.WILSON@sakilacustomer.org',12,1);
INSERT INTO customer (customer_id,store_id,first_name,last_name,email,address_id,active) VALUES (9,2,'MARGARET','MOORE','MARGARET.MOORE@sakilacustomer.org',13,1);
INSERT INTO customer (customer_id,store_id,first_name,last_name,email,address_id,active) VALUES (10,1,'DOROTHY','TAYLOR','DOROTHY.TAYLOR@sakilacustomer.org',14,1);
INSERT INTO customer (customer_id,store_id,first_name,last_name,email,address_id,active) VALUES (11,2,'LISA','ANDERSON','LISA.ANDERSON@sakilacustomer.org',15,1);
INSERT INTO customer (customer_id,store_id,first_name,last_name,email,address_id,active) VALUES (12,1,'NANCY','THOMAS','NANCY.THOMAS@sakilacustomer.org',16,1);
INSERT INTO customer (customer_id,store_id,first_name,last_name,email,address_id,active) VALUES (13,2,'KAREN','JACKSON','KAREN.JACKSON@sakilacustomer.org',17,1);
INSERT INTO customer (customer_id,store_id,first_name,last_name,email,address_id,active) VALUES (14,2,'BETTY','WHITE','BETTY.WHITE@sakilacustomer.org',18,1);
INSERT INTO customer (customer_id,store_id,first_name,last_name,email,address_id,active) VALUES (15,1,'HELEN','HARRIS','HELEN.HARRIS@sakilacustomer.org',19,1);
INSERT INTO customer (customer_id,store_id,first_name,last_name,email,address_id,active) VALUES (16,2,'SANDRA','MARTIN','SANDRA.MARTIN@sakilacustomer.org',20,0);
INSERT INTO customer (customer_id,store_id,first_name,last_name,email,address_id,active) VALUES (17,1,'DONNA','THOMPSON','DONNA.THOMPSON@sakilacustomer.org',21,1);
INSERT INTO customer (customer_id,store_id,first_name,last_name,email,address_id,active) VALUES (18,2,'CAROL','GARCIA','CAROL.GARCIA@sakilacustomer.org',22,1);
INSERT INTO customer (customer_id,store_id,first_name,last_name,email,address_id,active) VALUES (19,1,'RUTH','MARTINEZ','RUTH.MARTINEZ@sakilacustomer.org',23,1);
INSERT INTO customer (customer_id,store_id,first_name,last_name,email,address_id,active) VALUES (20,2,'SHARON','ROBINSON','SHARON.ROBINSON@sakilacustomer.org',24,1);
INSERT INTO customer (customer_id,store_id,first_name,last_name,email,address_id,active) VALUES (21,1,'MICHELLE','CLARK','MICHELLE.CLARK@sakilacustomer.org',25,1);
INSERT INTO customer (customer_id,store_id,first_name,last_name,email,address_id,active) VALUES (22,1,'LAURA','RODRIGUEZ','LAURA.RODRIGUEZ@sakilacustomer.org',26,1);
INSERT INTO customer (customer_id,store_id,first_name,last_name,email,address_id,active) VALUES (23,2,'SARAH','LEWIS','SARAH.LEWIS@sakilacustomer.org',27,1);
INSERT INTO customer (customer_id,store_id,first_name,last_name,email,address_id,active) VALUES (24,2,'KIMBERLY','LEE','KIMBERLY.LEE@sakilacustomer.org',28,1);
INSERT INTO customer (customer_id,store_id,first_name,last_name,email,address_id,active) VALUES (25,1,'DEBORAH','WALKER','DEBORAH.WALKER@sakilacustomer.org',29,1);
INSERT INTO customer (customer_id,store_id,first_name,last_name,email,address_id,active) VALUES (26,2,'JESSICA','HALL','JESSICA.HALL@sakilacustomer.org',30,1);
INSERT INTO customer (customer_id,store_id,first_name,last_name,email,address_id,active) VALUES (27,2,'SHIRLEY','ALLEN','SHIRLEY.ALLEN@sakilacustomer.org',31,1);
INSERT INTO customer (customer_id,store_id,first_name,last_name,email,address_id,active) VALUES (28,1,'CYNTHIA','YOUNG','CYNTHIA.YOUNG@sakilacustomer.org',32,1);
INSERT INTO customer (customer_id,store_id,first_name,last_name,email,address_id,active) VALUES (29,2,'ANGELA','HERNANDEZ','ANGELA.HERNANDEZ@sakilacustomer.org',33,1);
INSERT INTO customer (customer_id,store_id,first_name,last_name,email,address_id,active) VALUES (30,1,'MELISSA','KING','MELISSA.KING@sakilacustomer.org',34,1);
INSERT INTO customer (customer_id,store_id,first_name,last_name,email,address_id,active) VALUES (31,2,'BRENDA','WRIGHT','BRENDA.WRIGHT@sakilacustomer.org',35,1);
INSERT INTO customer (customer_id,store_id,first_name,last_name,email,address_id,active) VALUES (32,1,'AMY','LOPEZ','AMY.LOPEZ@sakilacustomer.org',36,1);
INSERT INTO customer (customer_id,store_id,first_name,last_name,email,address_id,active) VALUES (33,2,'ANNA','HILL','ANNA.HILL@sakilacustomer.org',37,1);
INSERT INTO customer (customer_id,store_id,first_name,last_name,email,address_id,active) VALUES (34,2,'REBECCA','SCOTT','REBECCA.SCOTT@sakilacustomer.org',38,1);
INSERT INTO customer (customer_id,store_id,first_name,last_name,email,address_id,active) VALUES (35,2,'VIRGINIA','GREEN','VIRGINIA.GREEN@sakilacustomer.org',39,1);
INSERT INTO customer (customer_id,store_id,first_name,last_name,email,address_id,active) VALUES (36,2,'KATHLEEN','ADAMS','KATHLEEN.ADAMS@sakilacustomer.org',40,1);
INSERT INTO customer (customer_id,store_id,first_name,last_name,email,address_id,active) VALUES (37,1,'PAMELA','BAKER','PAMELA.BAKER@sakilacustomer.org',41,1);
INSERT INTO customer (customer_id,store_id,first_name,last_name,email,address_id,active) VALUES (38,1,'MARTHA','GONZALEZ','MARTHA.GONZALEZ@sakilacustomer.org',42,1);
INSERT INTO customer (customer_id,store_id,first_name,last_name,email,address_id,active) VALUES (39,1,'DEBRA','NELSON','DEBRA.NELSON@sakilacustomer.org',43,1);
INSERT INTO customer (customer_id,store_id,first_name,last_name,email,address_id,active) VALUES (40,2,'ALFRED','CARTER','ALFRED.CARTER@sakilacustomer.org',44,1);
INSERT INTO customer (customer_id,store_id,first_name,last_name,email,address_id,active) VALUES (41,1,'STEPHANIE','MITCHELL','STEPHANIE.MITCHELL@sakilacustomer.org',45,1);
INSERT INTO customer (customer_id,store_id,first_name,last_name,email,address_id,active) VALUES (42,2,'CAROLYN','PEREZ','CAROLYN.PEREZ@sakilacustomer.org',46,1);
INSERT INTO customer (customer_id,store_id,first_name,last_name,email,address_id,active) VALUES (43,2,'CHRISTINE','ROBERTS','CHRISTINE.ROBERTS@sakilacustomer.org',47,1);
INSERT INTO customer (customer_id,store_id,first_name,last_name,email,address_id,active) VALUES (44,1,'MARIE','TURNER','MARIE.TURNER@sakilacustomer.org',48,1);
INSERT INTO customer (customer_id,store_id,first_name,last_name,email,address_id,active) VALUES (45,1,'JANET','PHILLIPS','JANET.PHILLIPS@sakilacustomer.org',49,1);
INSERT INTO customer (customer_id,store_id,first_name,last_name,email,address_id,active) VALUES (46,2,'CHAD','CAMPBELL','CHAD.CAMPBELL@sakilacustomer.org',50,1);
INSERT INTO customer (customer_id,store_id,first_name,last_name,email,address_id,active) VALUES (47,1,'FRANCES','PARKER','FRANCES.PARKER@sakilacustomer.org',51,1);
INSERT INTO customer (customer_id,store_id,first_name,last_name,email,address_id,active) VALUES (48,1,'ANN','EVANS','ANN.EVANS@sakilacustomer.org',52,1);
INSERT INTO customer (customer_id,store_id,first_name,last_name,email,address_id,active) VALUES (49,2,'JOYCE','EDWARDS','JOYCE.EDWARDS@sakilacustomer.org',53,1);
INSERT INTO customer (customer_id,store_id,first_name,last_name,email,address_id,active) VALUES (50,1,'DIANE','COLLINS','DIANE.COLLINS@sakilacustomer.org',54,1);
INSERT INTO customer (customer_id,store_id,first_name,last_name,email,address_id,active) VALUES (51,1,'ALICE','STEWART','ALICE.STEWART@sakilacustomer.org',55,1);
INSERT INTO customer (customer_id,store_id,first_name,last_name,email,address_id,active) VALUES (52,1,'JULIE','SANCHEZ','JULIE.SANCHEZ@sakilacustomer.org',56,1);
INSERT INTO customer (customer_id,store_id,first_name,last_name,email,address_id,active) VALUES (53,1,'HEATHER','MORRIS','HEATHER.MORRIS@sakilacustomer.org',57,1);
INSERT INTO customer (customer_id,store_id,first_name,last_name,email,address_id,active) VALUES (54,1,'TERESA','ROGERS','TERESA.ROGERS@sakilacustomer.org',58,1);
INSERT INTO customer (customer_id,store_id,first_name,last_name,email,address_id,active) VALUES (55,2,'DORIS','REED','DORIS.REED@sakilacustomer.org',59,1);
INSERT INTO customer (customer_id,store_id,first_name,last_name,email,address_id,active) VALUES (56,1,'GLORIA','COOK','GLORIA.COOK@sakilacustomer.org',60,1);
INSERT INTO customer (customer_id,store_id,first_name,last_name,email,address_id,active) VALUES (57,2,'EVELYN','MORGAN','EVELYN.MORGAN@sakilacustomer.org',61,1);
INSERT INTO customer (customer_id,store_id,first_name,last_name,email,address_id,active) VALUES (58,1,'JEAN','BELL','JEAN.BELL@sakilacustomer.org',62,1);
INSERT INTO customer (customer_id,store_id,first_name,last_name,email,address_id,active) VALUES (59,1,'CHERYL','MURPHY','CHERYL.MURPHY@sakilacustomer.org',63,1);
INSERT INTO customer (customer_id,store_id,first_name,last_name,email,address_id,active) VALUES (60,1,'MILDRED','BAILEY','MILDRED.BAILEY@sakilacustomer.org',64,1);
INSERT INTO customer (customer_id,store_id,first_name,last_name,email,address_id,active) VALUES (61,2,'KATHERINE','RIVERA','KATHERINE.RIVERA@sakilacustomer.org',65,1);
INSERT INTO customer (customer_id,store_id,first_name,last_name,email,address_id,active) VALUES (62,1,'JOAN','COOPER','JOAN.COOPER@sakilacustomer.org',66,1);
INSERT INTO customer (customer_id,store_id,first_name,last_name,email,address_id,active) VALUES (63,1,'ASHLEY','RICHARDSON','ASHLEY.RICHARDSON@sakilacustomer.org',67,1);
INSERT INTO customer (customer_id,store_id,first_name,last_name,email,address_id,active) VALUES (64,2,'JUDITH','COX','JUDITH.COX@sakilacustomer.org',68,0);
INSERT INTO customer (customer_id,store_id,first_name,last_name,email,address_id,active) VALUES (65,2,'ROSE','HOWARD','ROSE.HOWARD@sakilacustomer.org',69,1);
INSERT INTO customer (customer_id,store_id,first_name,last_name,email,address_id,active) VALUES (66,2,'JANICE','WARD','JANICE.WARD@sakilacustomer.org',70,1);
INSERT INTO customer (customer_id,store_id,first_name,last_name,email,address_id,active) VALUES (67,1,'KELLY','TORRES','KELLY.TORRES@sakilacustomer.org',71,1);
INSERT INTO customer (customer_id,store_id,first_name,last_name,email,address_id,active) VALUES (68,1,'NICOLE','PETERSON','NICOLE.PETERSON@sakilacustomer.org',72,1);
INSERT INTO customer (customer_id,store_id,first_name,last_name,email,address_id,active) VALUES (69,2,'JUDY','GRAY','JUDY.GRAY@sakilacustomer.org',73,1);
INSERT INTO customer (customer_id,store_id,first_name,last_name,email,address_id,active) VALUES (70,2,'CHRISTINA','RAMIREZ','CHRISTINA.RAMIREZ@sakilacustomer.org',74,1);
INSERT INTO customer (customer_id,store_id,first_name,last_name,email,address_id,active) VALUES (71,1,'KATHY','JAMES','KATHY.JAMES@sakilacustomer.org',75,1);
INSERT INTO customer (customer_id,store_id,first_name,last_name,email,address_id,active) VALUES (72,2,'THERESA','WATSON','THERESA.WATSON@sakilacustomer.org',76,1);
INSERT INTO customer (customer_id,store_id,first_name,last_name,email,address_id,active) VALUES (73,2,'BEVERLY','BROOKS','BEVERLY.BROOKS@sakilacustomer.org',77,1);
INSERT INTO customer (customer_id,store_id,first_name,last_name,email,address_id,active) VALUES (74,1,'DENISE','KELLY','DENISE.KELLY@sakilacustomer.org',78,1);
INSERT INTO customer (customer_id,store_id,first_name,last_name,email,address_id,active) VALUES (75,2,'TAMMY','SANDERS','TAMMY.SANDERS@sakilacustomer.org',79,1);
INSERT INTO customer (customer_id,store_id,first_name,last_name,email,address_id,active) VALUES (76,2,'IRENE','PRICE','IRENE.PRICE@sakilacustomer.org',80,1);
INSERT INTO customer (customer_id,store_id,first_name,last_name,email,address_id,active) VALUES (77,2,'JANE','BENNETT','JANE.BENNETT@sakilacustomer.org',81,1);
INSERT INTO customer (customer_id,store_id,first_name,last_name,email,address_id,active) VALUES (78,1,'LORI','WOOD','LORI.WOOD@sakilacustomer.org',82,1);
INSERT INTO customer (customer_id,store_id,first_name,last_name,email,address_id,active) VALUES (79,1,'RACHEL','BARNES','RACHEL.BARNES@sakilacustomer.org',83,1);
INSERT INTO customer (customer_id,store_id,first_name,last_name,email,address_id,active) VALUES (80,1,'MARILYN','ROSS','MARILYN.ROSS@sakilacustomer.org',84,1);
INSERT INTO customer (customer_id,store_id,first_name,last_name,email,address_id,active) VALUES (81,1,'ANDREA','HENDERSON','ANDREA.HENDERSON@sakilacustomer.org',85,1);
INSERT INTO customer (customer_id,store_id,first_name,last_name,email,address_id,active) VALUES (82,1,'KATHRYN','COLEMAN','KATHRYN.COLEMAN@sakilacustomer.org',86,1);
INSERT INTO customer (customer_id,store_id,first_name,last_name,email,address_id,active) VALUES (83,1,'LOUISE','JENKINS','LOUISE.JENKINS@sakilacustomer.org',87,1);
INSERT INTO customer (customer_id,store_id,first_name,last_name,email,address_id,active) VALUES (84,2,'SARA','PERRY','SARA.PERRY@sakilacustomer.org',88,1);
INSERT INTO customer (customer_id,store_id,first_name,last_name,email,address_id,active) VALUES (85,2,'ANNE','POWELL','ANNE.POWELL@sakilacustomer.org',89,1);
INSERT INTO customer (customer_id,store_id,first_name,last_name,email,address_id,active) VALUES (86,2,'JACQUELINE','LONG','JACQUELINE.LONG@sakilacustomer.org',90,1);
INSERT INTO customer (customer_id,store_id,first_name,last_name,email,address_id,active) VALUES (87,1,'WANDA','PATTERSON','WANDA.PATTERSON@sakilacustomer.org',91,1);
INSERT INTO customer (customer_id,store_id,first_name,last_name,email,address_id,active) VALUES (88,2,'BONNIE','HUGHES','BONNIE.HUGHES@sakilacustomer.org',92,1);
INSERT INTO customer (customer_id,store_id,first_name,last_name,email,address_id,active) VALUES (89,1,'JULIA','FLORES','JULIA.FLORES@sakilacustomer.org',93,1);
INSERT INTO customer (customer_id,store_id,first_name,last_name,email,address_id,active) VALUES (90,2,'RUBY','WASHINGTON','RUBY.WASHINGTON@sakilacustomer.org',94,1);
INSERT INTO customer (customer_id,store_id,first_name,last_name,email,address_id,active) VALUES (91,2,'LOIS','BUTLER','LOIS.BUTLER@sakilacustomer.org',95,1);
INSERT INTO customer (customer_id,store_id,first_name,last_name,email,address_id,active) VALUES (92,2,'TINA','SIMMONS','TINA.SIMMONS@sakilacustomer.org',96,1);
INSERT INTO customer (customer_id,store_id,first_name,last_name,email,address_id,active) VALUES (93,1,'PHYLLIS','FOSTER','PHYLLIS.FOSTER@sakilacustomer.org',97,1);
INSERT INTO customer (customer_id,store_id,first_name,last_name,email,address_id,active) VALUES (94,1,'NORMA','GONZALES','NORMA.GONZALES@sakilacustomer.org',98,1);
INSERT INTO customer (customer_id,store_id,first_name,last_name,email,address_id,active) VALUES (95,2,'PAULA','BRYANT','PAULA.BRYANT@sakilacustomer.org',99,1);
INSERT INTO customer (customer_id,store_id,first_name,last_name,email,address_id,active) VALUES (96,1,'DIANA','ALEXANDER','DIANA.ALEXANDER@sakilacustomer.org',100,1);
INSERT INTO customer (customer_id,store_id,first_name,last_name,email,address_id,active) VALUES (97,2,'ANNIE','RUSSELL','ANNIE.RUSSELL@sakilacustomer.org',101,1);
INSERT INTO customer (customer_id,store_id,first_name,last_name,email,address_id,active) VALUES (98,1,'LILLIAN','GRIFFIN','LILLIAN.GRIFFIN@sakilacustomer.org',102,1);
INSERT INTO customer (customer_id,store_id,first_name,last_name,email,address_id,active) VALUES (99,2,'EMILY','DIAZ','EMILY.DIAZ@sakilacustomer.org',103,1);
INSERT INTO customer (customer_id,store_id,first_name,last_name,email,address_id,active) VALUES (100,1,'ROBIN','HAYES','ROBIN.HAYES@sakilacustomer.org',104,1);
INSERT INTO customer (customer_id,store_id,first_name,last_name,email,address_id,active) VALUES (101,1,'PEGGY','MYERS','PEGGY.MYERS@sakilacustomer.org',105,1);
INSERT INTO customer (customer_id,store_id,first_name,last_name,email,address_id,active) VALUES (102,1,'CRYSTAL','FORD','CRYSTAL.FORD@sakilacustomer.org',106,1);
INSERT INTO customer (customer_id,store_id,first_name,last_name,email,address_id,active) VALUES (103,1,'GLADYS','HAMILTON','GLADYS.HAMILTON@sakilacustomer.org',107,1);
INSERT INTO customer (customer_id,store_id,first_name,last_name,email,address_id,active) VALUES (104,1,'RITA','GRAHAM','RITA.GRAHAM@sakilacustomer.org',108,1);
INSERT INTO customer (customer_id,store_id,first_name,last_name,email,address_id,active) VALUES (105,1,'DAWN','SULLIVAN','DAWN.SULLIVAN@sakilacustomer.org',109,1);
INSERT INTO customer (customer_id,store_id,first_name,last_name,email,address_id,active) VALUES (106,1,'CONNIE','WALLACE','CONNIE.WALLACE@sakilacustomer.org',110,1);
INSERT INTO customer (customer_id,store_id,first_name,last_name,email,address_id,active) VALUES (107,1,'FLORENCE','WOODS','FLORENCE.WOODS@sakilacustomer.org',111,1);
INSERT INTO customer (customer_id,store_id,first_name,last_name,email,address_id,active) VALUES (108,1,'TRACY','COLE','TRACY.COLE@sakilacustomer.org',112,1);
INSERT INTO customer (customer_id,store_id,first_name,last_name,email,address_id,active) VALUES (109,2,'EDNA','WEST','EDNA.WEST@sakilacustomer.org',113,1);
INSERT INTO customer (customer_id,store_id,first_name,last_name,email,address_id,active) VALUES (110,2,'TIFFANY','JORDAN','TIFFANY.JORDAN@sakilacustomer.org',114,1);
INSERT INTO customer (customer_id,store_id,first_name,last_name,email,address_id,active) VALUES (111,1,'CARMEN','OWENS','CARMEN.OWENS@sakilacustomer.org',115,1);
INSERT INTO customer (customer_id,store_id,first_name,last_name,email,address_id,active) VALUES (112,2,'ROSA','REYNOLDS','ROSA.REYNOLDS@sakilacustomer.org',116,1);
INSERT INTO customer (customer_id,store_id,first_name,last_name,email,address_id,active) VALUES (113,2,'CINDY','FISHER','CINDY.FISHER@sakilacustomer.org',117,1);
INSERT INTO customer (customer_id,store_id,first_name,last_name,email,address_id,active) VALUES (114,2,'GRACE','ELLIS','GRACE.ELLIS@sakilacustomer.org',118,1);
INSERT INTO customer (customer_id,store_id,first_name,last_name,email,address_id,active) VALUES (115,1,'WENDY','HARRISON','WENDY.HARRISON@sakilacustomer.org',119,1);
INSERT INTO customer (customer_id,store_id,first_name,last_name,email,address_id,active) VALUES (116,1,'VICTORIA','GIBSON','VICTORIA.GIBSON@sakilacustomer.org',120,1);
INSERT INTO customer (customer_id,store_id,first_name,last_name,email,address_id,active) VALUES (117,1,'EDITH','MCDONALD','EDITH.MCDONALD@sakilacustomer.org',121,1);
INSERT INTO customer (customer_id,store_id,first_name,last_name,email,address_id,active) VALUES (118,1,'KIM','CRUZ','KIM.CRUZ@sakilacustomer.org',122,1);
INSERT INTO customer (customer_id,store_id,first_name,last_name,email,address_id,active) VALUES (119,1,'SHERRY','MARSHALL','SHERRY.MARSHALL@sakilacustomer.org',123,1);
INSERT INTO customer (customer_id,store_id,first_name,last_name,email,address_id,active) VALUES (120,2,'SYLVIA','ORTIZ','SYLVIA.ORTIZ@sakilacustomer.org',124,1);
INSERT INTO customer (customer_id,store_id,first_name,last_name,email,address_id,active) VALUES (121,1,'JOSEPHINE','GOMEZ','JOSEPHINE.GOMEZ@sakilacustomer.org',125,1);
INSERT INTO customer (customer_id,store_id,first_name,last_name,email,address_id,active) VALUES (122,1,'THELMA','MURRAY','THELMA.MURRAY@sakilacustomer.org',126,1);
INSERT INTO customer (customer_id,store_id,first_name,last_name,email,address_id,active) VALUES (123,2,'SHANNON','FREEMAN','SHANNON.FREEMAN@sakilacustomer.org',127,1);
INSERT INTO customer (customer_id,store_id,first_name,last_name,email,address_id,active) VALUES (124,1,'SHEILA','WELLS','SHEILA.WELLS@sakilacustomer.org',128,0);
INSERT INTO customer (customer_id,store_id,first_name,last_name,email,address_id,active) VALUES (125,1,'ETHEL','WEBB','ETHEL.WEBB@sakilacustomer.org',129,1);
INSERT INTO customer (customer_id,store_id,first_name,last_name,email,address_id,active) VALUES (126,1,'ELLEN','SIMPSON','ELLEN.SIMPSON@sakilacustomer.org',130,1);
INSERT INTO customer (customer_id,store_id,first_name,last_name,email,address_id,active) VALUES (127,2,'ELAINE','STEVENS','ELAINE.STEVENS@sakilacustomer.org',131,1);
INSERT INTO customer (customer_id,store_id,first_name,last_name,email,address_id,active) VALUES (128,1,'MARJORIE','TUCKER','MARJORIE.TUCKER@sakilacustomer.org',132,1);
INSERT INTO customer (customer_id,store_id,first_name,last_name,email,address_id,active) VALUES (129,1,'CARRIE','PORTER','CARRIE.PORTER@sakilacustomer.org',133,1);
INSERT INTO customer (customer_id,store_id,first_name,last_name,email,address_id,active) VALUES (130,1,'CHARLOTTE','HUNTER','CHARLOTTE.HUNTER@sakilacustomer.org',134,1);
INSERT INTO customer (customer_id,store_id,first_name,last_name,email,address_id,active) VALUES (131,2,'MONICA','HICKS','MONICA.HICKS@sakilacustomer.org',135,1);
INSERT INTO customer (customer_id,store_id,first_name,last_name,email,address_id,active) VALUES (132,2,'ESTHER','CRAWFORD','ESTHER.CRAWFORD@sakilacustomer.org',136,1);
INSERT INTO customer (customer_id,store_id,first_name,last_name,email,address_id,active) VALUES (133,1,'PAULINE','HENRY','PAULINE.HENRY@sakilacustomer.org',137,1);
INSERT INTO customer (customer_id,store_id,first_name,last_name,email,address_id,active) VALUES (134,1,'EMMA','BOYD','EMMA.BOYD@sakilacustomer.org',138,1);
INSERT INTO customer (customer_id,store_id,first_name,last_name,email,address_id,active) VALUES (135,2,'JUANITA','MASON','JUANITA.MASON@sakilacustomer.org',139,1);
INSERT INTO customer (customer_id,store_id,first_name,last_name,email,address_id,active) VALUES (136,2,'ANITA','MORALES','ANITA.MORALES@sakilacustomer.org',140,1);
INSERT INTO customer (customer_id,store_id,first_name,last_name,email,address_id,active) VALUES (137,2,'RHONDA','KENNEDY','RHONDA.KENNEDY@sakilacustomer.org',141,1);
INSERT INTO customer (customer_id,store_id,first_name,last_name,email,address_id,active) VALUES (138,1,'HAZEL','WARREN','HAZEL.WARREN@sakilacustomer.org',142,1);
INSERT INTO customer (customer_id,store_id,first_name,last_name,email,address_id,active) VALUES (139,1,'AMBER','DIXON','AMBER.DIXON@sakilacustomer.org',143,1);
INSERT INTO customer (customer_id,store_id,first_name,last_name,email,address_id,active) VALUES (140,1,'EVA','RAMOS','EVA.RAMOS@sakilacustomer.org',144,1);
INSERT INTO customer (customer_id,store_id,first_name,last_name,email,address_id,active) VALUES (141,1,'DEBBIE','REYES','DEBBIE.REYES@sakilacustomer.org',145,1);
INSERT INTO customer (customer_id,store_id,first_name,last_name,email,address_id,active) VALUES (142,1,'APRIL','BURNS','APRIL.BURNS@sakilacustomer.org',146,1);
INSERT INTO customer (customer_id,store_id,first_name,last_name,email,address_id,active) VALUES (143,1,'LESLIE','GORDON','LESLIE.GORDON@sakilacustomer.org',147,1);
INSERT INTO customer (customer_id,store_id,first_name,last_name,email,address_id,active) VALUES (144,1,'CLARA','SHAW','CLARA.SHAW@sakilacustomer.org',148,1);
INSERT INTO customer (customer_id,store_id,first_name,last_name,email,address_id,active) VALUES (145,1,'LUCILLE','HOLMES','LUCILLE.HOLMES@sakilacustomer.org',149,1);
INSERT INTO customer (customer_id,store_id,first_name,last_name,email,address_id,active) VALUES (146,1,'JAMIE','RICE','JAMIE.RICE@sakilacustomer.org',150,1);
INSERT INTO customer (customer_id,store_id,first_name,last_name,email,address_id,active) VALUES (147,2,'JOANNE','ROBERTSON','JOANNE.ROBERTSON@sakilacustomer.org',151,1);
INSERT INTO customer (customer_id,store_id,first_name,last_name,email,address_id,active) VALUES (148,1,'ELEANOR','HUNT','ELEANOR.HUNT@sakilacustomer.org',152,1);
INSERT INTO customer (customer_id,store_id,first_name,last_name,email,address_id,active) VALUES (149,1,'VALERIE','BLACK','VALERIE.BLACK@sakilacustomer.org',153,1);
INSERT INTO customer (customer_id,store_id,first_name,last_name,email,address_id,active) VALUES (150,2,'DANIELLE','DANIELS','DANIELLE.DANIELS@sakilacustomer.org',154,1);
INSERT INTO customer (customer_id,store_id,first_name,last_name,email,address_id,active) VALUES (151,2,'MEGAN','PALMER','MEGAN.PALMER@sakilacustomer.org',155,1);
INSERT INTO customer (customer_id,store_id,first_name,last_name,email,address_id,active) VALUES (152,1,'ALICIA','MILLS','ALICIA.MILLS@sakilacustomer.org',156,1);
INSERT INTO customer (customer_id,store_id,first_name,last_name,email,address_id,active) VALUES (153,2,'SUZANNE','NICHOLS','SUZANNE.NICHOLS@sakilacustomer.org',157,1);
INSERT INTO customer (customer_id,store_id,first_name,last_name,email,address_id,active) VALUES (154,2,'MICHELE','GRANT','MICHELE.GRANT@sakilacustomer.org',158,1);
INSERT INTO customer (customer_id,store_id,first_name,last_name,email,address_id,active) VALUES (155,1,'GAIL','KNIGHT','GAIL.KNIGHT@sakilacustomer.org',159,1);
INSERT INTO customer (customer_id,store_id,first_name,last_name,email,address_id,active) VALUES (156,1,'BERTHA','FERGUSON','BERTHA.FERGUSON@sakilacustomer.org',160,1);
INSERT INTO customer (customer_id,store_id,first_name,last_name,email,address_id,active) VALUES (157,2,'DARLENE','ROSE','DARLENE.ROSE@sakilacustomer.org',161,1);
INSERT INTO customer (customer_id,store_id,first_name,last_name,email,address_id,active) VALUES (158,1,'VERONICA','STONE','VERONICA.STONE@sakilacustomer.org',162,1);
INSERT INTO customer (customer_id,store_id,first_name,last_name,email,address_id,active) VALUES (159,1,'JILL','HAWKINS','JILL.HAWKINS@sakilacustomer.org',163,1);
INSERT INTO customer (customer_id,store_id,first_name,last_name,email,address_id,active) VALUES (160,2,'ERIN','DUNN','ERIN.DUNN@sakilacustomer.org',164,1);
INSERT INTO customer (customer_id,store_id,first_name,last_name,email,address_id,active) VALUES (161,1,'GERALDINE','PERKINS','GERALDINE.PERKINS@sakilacustomer.org',165,1);
INSERT INTO customer (customer_id,store_id,first_name,last_name,email,address_id,active) VALUES (162,2,'LAUREN','HUDSON','LAUREN.HUDSON@sakilacustomer.org',166,1);
INSERT INTO customer (customer_id,store_id,first_name,last_name,email,address_id,active) VALUES (163,1,'CATHY','SPENCER','CATHY.SPENCER@sakilacustomer.org',167,1);
INSERT INTO customer (customer_id,store_id,first_name,last_name,email,address_id,active) VALUES (164,2,'JOANN','GARDNER','JOANN.GARDNER@sakilacustomer.org',168,1);
INSERT INTO customer (customer_id,store_id,first_name,last_name,email,address_id,active) VALUES (165,2,'LORRAINE','STEPHENS','LORRAINE.STEPHENS@sakilacustomer.org',169,1);
INSERT INTO customer (customer_id,store_id,first_name,last_name,email,address_id,active) VALUES (166,1,'LYNN','PAYNE','LYNN.PAYNE@sakilacustomer.org',170,1);
INSERT INTO customer (customer_id,store_id,first_name,last_name,email,address_id,active) VALUES (167,2,'SALLY','PIERCE','SALLY.PIERCE@sakilacustomer.org',171,1);
INSERT INTO customer (customer_id,store_id,first_name,last_name,email,address_id,active) VALUES (168,1,'REGINA','BERRY','REGINA.BERRY@sakilacustomer.org',172,1);
INSERT INTO customer (customer_id,store_id,first_name,last_name,email,address_id,active) VALUES (169,2,'ERICA','MATTHEWS','ERICA.MATTHEWS@sakilacustomer.org',173,0);
INSERT INTO customer (customer_id,store_id,first_name,last_name,email,address_id,active) VALUES (170,1,'BEATRICE','ARNOLD','BEATRICE.ARNOLD@sakilacustomer.org',174,1);
INSERT INTO customer (customer_id,store_id,first_name,last_name,email,address_id,active) VALUES (171,2,'DOLORES','WAGNER','DOLORES.WAGNER@sakilacustomer.org',175,1);
INSERT INTO customer (customer_id,store_id,first_name,last_name,email,address_id,active) VALUES (172,1,'BERNICE','WILLIS','BERNICE.WILLIS@sakilacustomer.org',176,1);
INSERT INTO customer (customer_id,store_id,first_name,last_name,email,address_id,active) VALUES (173,1,'AUDREY','RAY','AUDREY.RAY@sakilacustomer.org',177,1);
INSERT INTO customer (customer_id,store_id,first_name,last_name,email,address_id,active) VALUES (174,2,'YVONNE','WATKINS','YVONNE.WATKINS@sakilacustomer.org',178,1);
INSERT INTO customer (customer_id,store_id,first_name,last_name,email,address_id,active) VALUES (175,1,'ANNETTE','OLSON','ANNETTE.OLSON@sakilacustomer.org',179,1);
INSERT INTO customer (customer_id,store_id,first_name,last_name,email,address_id,active) VALUES (176,1,'JUNE','CARROLL','JUNE.CARROLL@sakilacustomer.org',180,1);
INSERT INTO customer (customer_id,store_id,first_name,last_name,email,address_id,active) VALUES (177,2,'SAMANTHA','DUNCAN','SAMANTHA.DUNCAN@sakilacustomer.org',181,1);
INSERT INTO customer (customer_id,store_id,first_name,last_name,email,address_id,active) VALUES (178,2,'MARION','SNYDER','MARION.SNYDER@sakilacustomer.org',182,1);
INSERT INTO customer (customer_id,store_id,first_name,last_name,email,address_id,active) VALUES (179,1,'DANA','HART','DANA.HART@sakilacustomer.org',183,1);
INSERT INTO customer (customer_id,store_id,first_name,last_name,email,address_id,active) VALUES (180,2,'STACY','CUNNINGHAM','STACY.CUNNINGHAM@sakilacustomer.org',184,1);
INSERT INTO customer (customer_id,store_id,first_name,last_name,email,address_id,active) VALUES (181,2,'ANA','BRADLEY','ANA.BRADLEY@sakilacustomer.org',185,1);
INSERT INTO customer (customer_id,store_id,first_name,last_name,email,address_id,active) VALUES (182,1,'RENEE','LANE','RENEE.LANE@sakilacustomer.org',186,1);
INSERT INTO customer (customer_id,store_id,first_name,last_name,email,address_id,active) VALUES (183,2,'IDA','ANDREWS','IDA.ANDREWS@sakilacustomer.org',187,1);
INSERT INTO customer (customer_id,store_id,first_name,last_name,email,address_id,active) VALUES (184,1,'VIVIAN','RUIZ','VIVIAN.RUIZ@sakilacustomer.org',188,1);
INSERT INTO customer (customer_id,store_id,first_name,last_name,email,address_id,active) VALUES (185,1,'ROBERTA','HARPER','ROBERTA.HARPER@sakilacustomer.org',189,1);
INSERT INTO customer (customer_id,store_id,first_name,last_name,email,address_id,active) VALUES (186,2,'HOLLY','FOX','HOLLY.FOX@sakilacustomer.org',190,1);
INSERT INTO customer (customer_id,store_id,first_name,last_name,email,address_id,active) VALUES (187,2,'BRITTANY','RILEY','BRITTANY.RILEY@sakilacustomer.org',191,1);
INSERT INTO customer (customer_id,store_id,first_name,last_name,email,address_id,active) VALUES (188,1,'MELANIE','ARMSTRONG','MELANIE.ARMSTRONG@sakilacustomer.org',192,1);
INSERT INTO customer (customer_id,store_id,first_name,last_name,email,address_id,active) VALUES (189,1,'LORETTA','CARPENTER','LORETTA.CARPENTER@sakilacustomer.org',193,1);
INSERT INTO customer (customer_id,store_id,first_name,last_name,email,address_id,active) VALUES (190,2,'YOLANDA','WEAVER','YOLANDA.WEAVER@sakilacustomer.org',194,1);
INSERT INTO customer (customer_id,store_id,first_name,last_name,email,address_id,active) VALUES (191,1,'JEANETTE','GREENE','JEANETTE.GREENE@sakilacustomer.org',195,1);
INSERT INTO customer (customer_id,store_id,first_name,last_name,email,address_id,active) VALUES (192,1,'LAURIE','LAWRENCE','LAURIE.LAWRENCE@sakilacustomer.org',196,1);
INSERT INTO customer (customer_id,store_id,first_name,last_name,email,address_id,active) VALUES (193,2,'KATIE','ELLIOTT','KATIE.ELLIOTT@sakilacustomer.org',197,1);
INSERT INTO customer (customer_id,store_id,first_name,last_name,email,address_id,active) VALUES (194,2,'KRISTEN','CHAVEZ','KRISTEN.CHAVEZ@sakilacustomer.org',198,1);
INSERT INTO customer (customer_id,store_id,first_name,last_name,email,address_id,active) VALUES (195,1,'VANESSA','SIMS','VANESSA.SIMS@sakilacustomer.org',199,1);
INSERT INTO customer (customer_id,store_id,first_name,last_name,email,address_id,active) VALUES (196,1,'ALMA','AUSTIN','ALMA.AUSTIN@sakilacustomer.org',200,1);
INSERT INTO customer (customer_id,store_id,first_name,last_name,email,address_id,active) VALUES (197,2,'SUE','PETERS','SUE.PETERS@sakilacustomer.org',201,1);
INSERT INTO customer (customer_id,store_id,first_name,last_name,email,address_id,active) VALUES (198,2,'ELSIE','KELLEY','ELSIE.KELLEY@sakilacustomer.org',202,1);
INSERT INTO customer (customer_id,store_id,first_name,last_name,email,address_id,active) VALUES (199,2,'BETH','FRANKLIN','BETH.FRANKLIN@sakilacustomer.org',203,1);
INSERT INTO customer (customer_id,store_id,first_name,last_name,email,address_id,active) VALUES (200,2,'JEANNE','LAWSON','JEANNE.LAWSON@sakilacustomer.org',204,1);
INSERT INTO customer (customer_id,store_id,first_name,last_name,email,address_id,active) VALUES (201,1,'VICKI','FIELDS','VICKI.FIELDS@sakilacustomer.org',205,1);
INSERT INTO customer (customer_id,store_id,first_name,last_name,email,address_id,active) VALUES (202,2,'CARLA','GUTIERREZ','CARLA.GUTIERREZ@sakilacustomer.org',206,1);
INSERT INTO customer (customer_id,store_id,first_name,last_name,email,address_id,active) VALUES (203,1,'TARA','RYAN','TARA.RYAN@sakilacustomer.org',207,1);
INSERT INTO customer (customer_id,store_id,first_name,last_name,email,address_id,active) VALUES (204,1,'ROSEMARY','SCHMIDT','ROSEMARY.SCHMIDT@sakilacustomer.org',208,1);
INSERT INTO customer (customer_id,store_id,first_name,last_name,email,address_id,active) VALUES (205,2,'EILEEN','CARR','EILEEN.CARR@sakilacustomer.org',209,1);
INSERT INTO customer (customer_id,store_id,first_name,last_name,email,address_id,active) VALUES (206,1,'TERRI','VASQUEZ','TERRI.VASQUEZ@sakilacustomer.org',210,1);
INSERT INTO customer (customer_id,store_id,first_name,last_name,email,address_id,active) VALUES (207,1,'GERTRUDE','CASTILLO','GERTRUDE.CASTILLO@sakilacustomer.org',211,1);
INSERT INTO customer (customer_id,store_id,first_name,last_name,email,address_id,active) VALUES (208,1,'LUCY','WHEELER','LUCY.WHEELER@sakilacustomer.org',212,1);
INSERT INTO customer (customer_id,store_id,first_name,last_name,email,address_id,active) VALUES (209,2,'TONYA','CHAPMAN','TONYA.CHAPMAN@sakilacustomer.org',213,1);
INSERT INTO customer (customer_id,store_id,first_name,last_name,email,address_id,active) VALUES (210,2,'ELLA','OLIVER','ELLA.OLIVER@sakilacustomer.org',214,1);
INSERT INTO customer (customer_id,store_id,first_name,last_name,email,address_id,active) VALUES (211,1,'STACEY','MONTGOMERY','STACEY.MONTGOMERY@sakilacustomer.org',215,1);
INSERT INTO customer (customer_id,store_id,first_name,last_name,email,address_id,active) VALUES (212,2,'WILMA','RICHARDS','WILMA.RICHARDS@sakilacustomer.org',216,1);
INSERT INTO customer (customer_id,store_id,first_name,last_name,email,address_id,active) VALUES (213,1,'GINA','WILLIAMSON','GINA.WILLIAMSON@sakilacustomer.org',217,1);
INSERT INTO customer (customer_id,store_id,first_name,last_name,email,address_id,active) VALUES (214,1,'KRISTIN','JOHNSTON','KRISTIN.JOHNSTON@sakilacustomer.org',218,1);
INSERT INTO customer (customer_id,store_id,first_name,last_name,email,address_id,active) VALUES (215,2,'JESSIE','BANKS','JESSIE.BANKS@sakilacustomer.org',219,1);
INSERT INTO customer (customer_id,store_id,first_name,last_name,email,address_id,active) VALUES (216,1,'NATALIE','MEYER','NATALIE.MEYER@sakilacustomer.org',220,1);
INSERT INTO customer (customer_id,store_id,first_name,last_name,email,address_id,active) VALUES (217,2,'AGNES','BISHOP','AGNES.BISHOP@sakilacustomer.org',221,1);
INSERT INTO customer (customer_id,store_id,first_name,last_name,email,address_id,active) VALUES (218,1,'VERA','MCCOY','VERA.MCCOY@sakilacustomer.org',222,1);
INSERT INTO customer (customer_id,store_id,first_name,last_name,email,address_id,active) VALUES (219,2,'WILLIE','HOWELL','WILLIE.HOWELL@sakilacustomer.org',223,1);
INSERT INTO customer (customer_id,store_id,first_name,last_name,email,address_id,active) VALUES (220,2,'CHARLENE','ALVAREZ','CHARLENE.ALVAREZ@sakilacustomer.org',224,1);
INSERT INTO customer (customer_id,store_id,first_name,last_name,email,address_id,active) VALUES (221,1,'BESSIE','MORRISON','BESSIE.MORRISON@sakilacustomer.org',225,1);
INSERT INTO customer (customer_id,store_id,first_name,last_name,email,address_id,active) VALUES (222,2,'DELORES','HANSEN','DELORES.HANSEN@sakilacustomer.org',226,1);
INSERT INTO customer (customer_id,store_id,first_name,last_name,email,address_id,active) VALUES (223,1,'MELINDA','FERNANDEZ','MELINDA.FERNANDEZ@sakilacustomer.org',227,1);
INSERT INTO customer (customer_id,store_id,first_name,last_name,email,address_id,active) VALUES (224,2,'PEARL','GARZA','PEARL.GARZA@sakilacustomer.org',228,1);
INSERT INTO customer (customer_id,store_id,first_name,last_name,email,address_id,active) VALUES (225,1,'ARLENE','HARVEY','ARLENE.HARVEY@sakilacustomer.org',229,1);
INSERT INTO customer (customer_id,store_id,first_name,last_name,email,address_id,active) VALUES (226,2,'MAUREEN','LITTLE','MAUREEN.LITTLE@sakilacustomer.org',230,1);
INSERT INTO customer (customer_id,store_id,first_name,last_name,email,address_id,active) VALUES (227,1,'COLLEEN','BURTON','COLLEEN.BURTON@sakilacustomer.org',231,1);
INSERT INTO customer (customer_id,store_id,first_name,last_name,email,address_id,active) VALUES (228,2,'ALLISON','STANLEY','ALLISON.STANLEY@sakilacustomer.org',232,1);
INSERT INTO customer (customer_id,store_id,first_name,last_name,email,address_id,active) VALUES (229,1,'TAMARA','NGUYEN','TAMARA.NGUYEN@sakilacustomer.org',233,1);
INSERT INTO customer (customer_id,store_id,first_name,last_name,email,address_id,active) VALUES (230,2,'JOY','GEORGE','JOY.GEORGE@sakilacustomer.org',234,1);
INSERT INTO customer (customer_id,store_id,first_name,last_name,email,address_id,active) VALUES (231,1,'GEORGIA','JACOBS','GEORGIA.JACOBS@sakilacustomer.org',235,1);
INSERT INTO customer (customer_id,store_id,first_name,last_name,email,address_id,active) VALUES (232,2,'CONSTANCE','REID','CONSTANCE.REID@sakilacustomer.org',236,1);
INSERT INTO customer (customer_id,store_id,first_name,last_name,email,address_id,active) VALUES (233,2,'LILLIE','KIM','LILLIE.KIM@sakilacustomer.org',237,1);
INSERT INTO customer (customer_id,store_id,first_name,last_name,email,address_id,active) VALUES (234,1,'CLAUDIA','FULLER','CLAUDIA.FULLER@sakilacustomer.org',238,1);
INSERT INTO customer (customer_id,store_id,first_name,last_name,email,address_id,active) VALUES (235,1,'JACKIE','LYNCH','JACKIE.LYNCH@sakilacustomer.org',239,1);
INSERT INTO customer (customer_id,store_id,first_name,last_name,email,address_id,active) VALUES (236,1,'MARCIA','DEAN','MARCIA.DEAN@sakilacustomer.org',240,1);
INSERT INTO customer (customer_id,store_id,first_name,last_name,email,address_id,active) VALUES (237,1,'TANYA','GILBERT','TANYA.GILBERT@sakilacustomer.org',241,1);
INSERT INTO customer (customer_id,store_id,first_name,last_name,email,address_id,active) VALUES (238,1,'NELLIE','GARRETT','NELLIE.GARRETT@sakilacustomer.org',242,1);
INSERT INTO customer (customer_id,store_id,first_name,last_name,email,address_id,active) VALUES (239,2,'MINNIE','ROMERO','MINNIE.ROMERO@sakilacustomer.org',243,1);
INSERT INTO customer (customer_id,store_id,first_name,last_name,email,address_id,active) VALUES (240,1,'MARLENE','WELCH','MARLENE.WELCH@sakilacustomer.org',244,1);
INSERT INTO customer (customer_id,store_id,first_name,last_name,email,address_id,active) VALUES (241,2,'HEIDI','LARSON','HEIDI.LARSON@sakilacustomer.org',245,0);
INSERT INTO customer (customer_id,store_id,first_name,last_name,email,address_id,active) VALUES (242,1,'GLENDA','FRAZIER','GLENDA.FRAZIER@sakilacustomer.org',246,1);
INSERT INTO customer (customer_id,store_id,first_name,last_name,email,address_id,active) VALUES (243,1,'LYDIA','BURKE','LYDIA.BURKE@sakilacustomer.org',247,1);
INSERT INTO customer (customer_id,store_id,first_name,last_name,email,address_id,active) VALUES (244,2,'VIOLA','HANSON','VIOLA.HANSON@sakilacustomer.org',248,1);
INSERT INTO customer (customer_id,store_id,first_name,last_name,email,address_id,active) VALUES (245,1,'COURTNEY','DAY','COURTNEY.DAY@sakilacustomer.org',249,1);
INSERT INTO customer (customer_id,store_id,first_name,last_name,email,address_id,active) VALUES (246,1,'MARIAN','MENDOZA','MARIAN.MENDOZA@sakilacustomer.org',250,1);
INSERT INTO customer (customer_id,store_id,first_name,last_name,email,address_id,active) VALUES (247,1,'STELLA','MORENO','STELLA.MORENO@sakilacustomer.org',251,1);
INSERT INTO customer (customer_id,store_id,first_name,last_name,email,address_id,active) VALUES (248,1,'CAROLINE','BOWMAN','CAROLINE.BOWMAN@sakilacustomer.org',252,1);
INSERT INTO customer (customer_id,store_id,first_name,last_name,email,address_id,active) VALUES (249,2,'DORA','MEDINA','DORA.MEDINA@sakilacustomer.org',253,1);
INSERT INTO customer (customer_id,store_id,first_name,last_name,email,address_id,active) VALUES (250,2,'JO','FOWLER','JO.FOWLER@sakilacustomer.org',254,1);
INSERT INTO customer (customer_id,store_id,first_name,last_name,email,address_id,active) VALUES (251,2,'VICKIE','BREWER','VICKIE.BREWER@sakilacustomer.org',255,1);
INSERT INTO customer (customer_id,store_id,first_name,last_name,email,address_id,active) VALUES (252,2,'MATTIE','HOFFMAN','MATTIE.HOFFMAN@sakilacustomer.org',256,1);
INSERT INTO customer (customer_id,store_id,first_name,last_name,email,address_id,active) VALUES (253,1,'TERRY','CARLSON','TERRY.CARLSON@sakilacustomer.org',258,1);
INSERT INTO customer (customer_id,store_id,first_name,last_name,email,address_id,active) VALUES (254,2,'MAXINE','SILVA','MAXINE.SILVA@sakilacustomer.org',259,1);
INSERT INTO customer (customer_id,store_id,first_name,last_name,email,address_id,active) VALUES (255,2,'IRMA','PEARSON','IRMA.PEARSON@sakilacustomer.org',260,1);
INSERT INTO customer (customer_id,store_id,first_name,last_name,email,address_id,active) VALUES (256,2,'MABEL','HOLLAND','MABEL.HOLLAND@sakilacustomer.org',261,1);
INSERT INTO customer (customer_id,store_id,first_name,last_name,email,address_id,active) VALUES (257,2,'MARSHA','DOUGLAS','MARSHA.DOUGLAS@sakilacustomer.org',262,1);
INSERT INTO customer (customer_id,store_id,first_name,last_name,email,address_id,active) VALUES (258,1,'MYRTLE','FLEMING','MYRTLE.FLEMING@sakilacustomer.org',263,1);
INSERT INTO customer (customer_id,store_id,first_name,last_name,email,address_id,active) VALUES (259,2,'LENA','JENSEN','LENA.JENSEN@sakilacustomer.org',264,1);
INSERT INTO customer (customer_id,store_id,first_name,last_name,email,address_id,active) VALUES (260,1,'CHRISTY','VARGAS','CHRISTY.VARGAS@sakilacustomer.org',265,1);
INSERT INTO customer (customer_id,store_id,first_name,last_name,email,address_id,active) VALUES (261,1,'DEANNA','BYRD','DEANNA.BYRD@sakilacustomer.org',266,1);
INSERT INTO customer (customer_id,store_id,first_name,last_name,email,address_id,active) VALUES (262,2,'PATSY','DAVIDSON','PATSY.DAVIDSON@sakilacustomer.org',267,1);
INSERT INTO customer (customer_id,store_id,first_name,last_name,email,address_id,active) VALUES (263,1,'HILDA','HOPKINS','HILDA.HOPKINS@sakilacustomer.org',268,1);
INSERT INTO customer (customer_id,store_id,first_name,last_name,email,address_id,active) VALUES (264,1,'GWENDOLYN','MAY','GWENDOLYN.MAY@sakilacustomer.org',269,1);
INSERT INTO customer (customer_id,store_id,first_name,last_name,email,address_id,active) VALUES (265,2,'JENNIE','TERRY','JENNIE.TERRY@sakilacustomer.org',270,1);
INSERT INTO customer (customer_id,store_id,first_name,last_name,email,address_id,active) VALUES (266,2,'NORA','HERRERA','NORA.HERRERA@sakilacustomer.org',271,1);
INSERT INTO customer (customer_id,store_id,first_name,last_name,email,address_id,active) VALUES (267,1,'MARGIE','WADE','MARGIE.WADE@sakilacustomer.org',272,1);
INSERT INTO customer (customer_id,store_id,first_name,last_name,email,address_id,active) VALUES (268,1,'NINA','SOTO','NINA.SOTO@sakilacustomer.org',273,1);
INSERT INTO customer (customer_id,store_id,first_name,last_name,email,address_id,active) VALUES (269,1,'CASSANDRA','WALTERS','CASSANDRA.WALTERS@sakilacustomer.org',274,1);
INSERT INTO customer (customer_id,store_id,first_name,last_name,email,address_id,active) VALUES (270,1,'LEAH','CURTIS','LEAH.CURTIS@sakilacustomer.org',275,1);
INSERT INTO customer (customer_id,store_id,first_name,last_name,email,address_id,active) VALUES (271,1,'PENNY','NEAL','PENNY.NEAL@sakilacustomer.org',276,0);
INSERT INTO customer (customer_id,store_id,first_name,last_name,email,address_id,active) VALUES (272,1,'KAY','CALDWELL','KAY.CALDWELL@sakilacustomer.org',277,1);
INSERT INTO customer (customer_id,store_id,first_name,last_name,email,address_id,active) VALUES (273,2,'PRISCILLA','LOWE','PRISCILLA.LOWE@sakilacustomer.org',278,1);
INSERT INTO customer (customer_id,store_id,first_name,last_name,email,address_id,active) VALUES (274,1,'NAOMI','JENNINGS','NAOMI.JENNINGS@sakilacustomer.org',279,1);
INSERT INTO customer (customer_id,store_id,first_name,last_name,email,address_id,active) VALUES (275,2,'CAROLE','BARNETT','CAROLE.BARNETT@sakilacustomer.org',280,1);
INSERT INTO customer (customer_id,store_id,first_name,last_name,email,address_id,active) VALUES (276,1,'BRANDY','GRAVES','BRANDY.GRAVES@sakilacustomer.org',281,1);
INSERT INTO customer (customer_id,store_id,first_name,last_name,email,address_id,active) VALUES (277,2,'OLGA','JIMENEZ','OLGA.JIMENEZ@sakilacustomer.org',282,1);
INSERT INTO customer (customer_id,store_id,first_name,last_name,email,address_id,active) VALUES (278,2,'BILLIE','HORTON','BILLIE.HORTON@sakilacustomer.org',283,1);
INSERT INTO customer (customer_id,store_id,first_name,last_name,email,address_id,active) VALUES (279,2,'DIANNE','SHELTON','DIANNE.SHELTON@sakilacustomer.org',284,1);
INSERT INTO customer (customer_id,store_id,first_name,last_name,email,address_id,active) VALUES (280,2,'TRACEY','BARRETT','TRACEY.BARRETT@sakilacustomer.org',285,1);
INSERT INTO customer (customer_id,store_id,first_name,last_name,email,address_id,active) VALUES (281,2,'LEONA','OBRIEN','LEONA.OBRIEN@sakilacustomer.org',286,1);
INSERT INTO customer (customer_id,store_id,first_name,last_name,email,address_id,active) VALUES (282,2,'JENNY','CASTRO','JENNY.CASTRO@sakilacustomer.org',287,1);
INSERT INTO customer (customer_id,store_id,first_name,last_name,email,address_id,active) VALUES (283,1,'FELICIA','SUTTON','FELICIA.SUTTON@sakilacustomer.org',288,1);
INSERT INTO customer (customer_id,store_id,first_name,last_name,email,address_id,active) VALUES (284,1,'SONIA','GREGORY','SONIA.GREGORY@sakilacustomer.org',289,1);
INSERT INTO customer (customer_id,store_id,first_name,last_name,email,address_id,active) VALUES (285,1,'MIRIAM','MCKINNEY','MIRIAM.MCKINNEY@sakilacustomer.org',290,1);
INSERT INTO customer (customer_id,store_id,first_name,last_name,email,address_id,active) VALUES (286,1,'VELMA','LUCAS','VELMA.LUCAS@sakilacustomer.org',291,1);
INSERT INTO customer (customer_id,store_id,first_name,last_name,email,address_id,active) VALUES (287,2,'BECKY','MILES','BECKY.MILES@sakilacustomer.org',292,1);
INSERT INTO customer (customer_id,store_id,first_name,last_name,email,address_id,active) VALUES (288,1,'BOBBIE','CRAIG','BOBBIE.CRAIG@sakilacustomer.org',293,1);
INSERT INTO customer (customer_id,store_id,first_name,last_name,email,address_id,active) VALUES (289,1,'VIOLET','RODRIQUEZ','VIOLET.RODRIQUEZ@sakilacustomer.org',294,1);
INSERT INTO customer (customer_id,store_id,first_name,last_name,email,address_id,active) VALUES (290,1,'KRISTINA','CHAMBERS','KRISTINA.CHAMBERS@sakilacustomer.org',295,1);
INSERT INTO customer (customer_id,store_id,first_name,last_name,email,address_id,active) VALUES (291,1,'TONI','HOLT','TONI.HOLT@sakilacustomer.org',296,1);
INSERT INTO customer (customer_id,store_id,first_name,last_name,email,address_id,active) VALUES (292,2,'MISTY','LAMBERT','MISTY.LAMBERT@sakilacustomer.org',297,1);
INSERT INTO customer (customer_id,store_id,first_name,last_name,email,address_id,active) VALUES (293,2,'MAE','FLETCHER','MAE.FLETCHER@sakilacustomer.org',298,1);
INSERT INTO customer (customer_id,store_id,first_name,last_name,email,address_id,active) VALUES (294,2,'SHELLY','WATTS','SHELLY.WATTS@sakilacustomer.org',299,1);
INSERT INTO customer (customer_id,store_id,first_name,last_name,email,address_id,active) VALUES (295,1,'DAISY','BATES','DAISY.BATES@sakilacustomer.org',300,1);
INSERT INTO customer (customer_id,store_id,first_name,last_name,email,address_id,active) VALUES (296,2,'RAMONA','HALE','RAMONA.HALE@sakilacustomer.org',301,1);
INSERT INTO customer (customer_id,store_id,first_name,last_name,email,address_id,active) VALUES (297,1,'SHERRI','RHODES','SHERRI.RHODES@sakilacustomer.org',302,1);
INSERT INTO customer (customer_id,store_id,first_name,last_name,email,address_id,active) VALUES (298,1,'ERIKA','PENA','ERIKA.PENA@sakilacustomer.org',303,1);
INSERT INTO customer (customer_id,store_id,first_name,last_name,email,address_id,active) VALUES (299,2,'JAMES','GANNON','JAMES.GANNON@sakilacustomer.org',304,1);
INSERT INTO customer (customer_id,store_id,first_name,last_name,email,address_id,active) VALUES (300,1,'JOHN','FARNSWORTH','JOHN.FARNSWORTH@sakilacustomer.org',305,1);
INSERT INTO customer (customer_id,store_id,first_name,last_name,email,address_id,active) VALUES (301,2,'ROBERT','BAUGHMAN','ROBERT.BAUGHMAN@sakilacustomer.org',306,1);
INSERT INTO customer (customer_id,store_id,first_name,last_name,email,address_id,active) VALUES (302,1,'MICHAEL','SILVERMAN','MICHAEL.SILVERMAN@sakilacustomer.org',307,1);
INSERT INTO customer (customer_id,store_id,first_name,last_name,email,address_id,active) VALUES (303,2,'WILLIAM','SATTERFIELD','WILLIAM.SATTERFIELD@sakilacustomer.org',308,1);
INSERT INTO customer (customer_id,store_id,first_name,last_name,email,address_id,active) VALUES (304,2,'DAVID','ROYAL','DAVID.ROYAL@sakilacustomer.org',309,1);
INSERT INTO customer (customer_id,store_id,first_name,last_name,email,address_id,active) VALUES (305,1,'RICHARD','MCCRARY','RICHARD.MCCRARY@sakilacustomer.org',310,1);
INSERT INTO customer (customer_id,store_id,first_name,last_name,email,address_id,active) VALUES (306,1,'CHARLES','KOWALSKI','CHARLES.KOWALSKI@sakilacustomer.org',311,1);
INSERT INTO customer (customer_id,store_id,first_name,last_name,email,address_id,active) VALUES (307,2,'JOSEPH','JOY','JOSEPH.JOY@sakilacustomer.org',312,1);
INSERT INTO customer (customer_id,store_id,first_name,last_name,email,address_id,active) VALUES (308,1,'THOMAS','GRIGSBY','THOMAS.GRIGSBY@sakilacustomer.org',313,1);
INSERT INTO customer (customer_id,store_id,first_name,last_name,email,address_id,active) VALUES (309,1,'CHRISTOPHER','GRECO','CHRISTOPHER.GRECO@sakilacustomer.org',314,1);
INSERT INTO customer (customer_id,store_id,first_name,last_name,email,address_id,active) VALUES (310,2,'DANIEL','CABRAL','DANIEL.CABRAL@sakilacustomer.org',315,1);
INSERT INTO customer (customer_id,store_id,first_name,last_name,email,address_id,active) VALUES (311,2,'PAUL','TROUT','PAUL.TROUT@sakilacustomer.org',316,1);
INSERT INTO customer (customer_id,store_id,first_name,last_name,email,address_id,active) VALUES (312,2,'MARK','RINEHART','MARK.RINEHART@sakilacustomer.org',317,1);
INSERT INTO customer (customer_id,store_id,first_name,last_name,email,address_id,active) VALUES (313,2,'DONALD','MAHON','DONALD.MAHON@sakilacustomer.org',318,1);
INSERT INTO customer (customer_id,store_id,first_name,last_name,email,address_id,active) VALUES (314,1,'GEORGE','LINTON','GEORGE.LINTON@sakilacustomer.org',319,1);
INSERT INTO customer (customer_id,store_id,first_name,last_name,email,address_id,active) VALUES (315,2,'KENNETH','GOODEN','KENNETH.GOODEN@sakilacustomer.org',320,0);
INSERT INTO customer (customer_id,store_id,first_name,last_name,email,address_id,active) VALUES (316,1,'STEVEN','CURLEY','STEVEN.CURLEY@sakilacustomer.org',321,1);
INSERT INTO customer (customer_id,store_id,first_name,last_name,email,address_id,active) VALUES (317,2,'EDWARD','BAUGH','EDWARD.BAUGH@sakilacustomer.org',322,1);
INSERT INTO customer (customer_id,store_id,first_name,last_name,email,address_id,active) VALUES (318,1,'BRIAN','WYMAN','BRIAN.WYMAN@sakilacustomer.org',323,1);
INSERT INTO customer (customer_id,store_id,first_name,last_name,email,address_id,active) VALUES (319,2,'RONALD','WEINER','RONALD.WEINER@sakilacustomer.org',324,1);
INSERT INTO customer (customer_id,store_id,first_name,last_name,email,address_id,active) VALUES (320,2,'ANTHONY','SCHWAB','ANTHONY.SCHWAB@sakilacustomer.org',325,1);
INSERT INTO customer (customer_id,store_id,first_name,last_name,email,address_id,active) VALUES (321,1,'KEVIN','SCHULER','KEVIN.SCHULER@sakilacustomer.org',326,1);
INSERT INTO customer (customer_id,store_id,first_name,last_name,email,address_id,active) VALUES (322,1,'JASON','MORRISSEY','JASON.MORRISSEY@sakilacustomer.org',327,1);
INSERT INTO customer (customer_id,store_id,first_name,last_name,email,address_id,active) VALUES (323,2,'MATTHEW','MAHAN','MATTHEW.MAHAN@sakilacustomer.org',328,1);
INSERT INTO customer (customer_id,store_id,first_name,last_name,email,address_id,active) VALUES (324,2,'GARY','COY','GARY.COY@sakilacustomer.org',329,1);
INSERT INTO customer (customer_id,store_id,first_name,last_name,email,address_id,active) VALUES (325,1,'TIMOTHY','BUNN','TIMOTHY.BUNN@sakilacustomer.org',330,1);
INSERT INTO customer (customer_id,store_id,first_name,last_name,email,address_id,active) VALUES (326,1,'JOSE','ANDREW','JOSE.ANDREW@sakilacustomer.org',331,1);
INSERT INTO customer (customer_id,store_id,first_name,last_name,email,address_id,active) VALUES (327,2,'LARRY','THRASHER','LARRY.THRASHER@sakilacustomer.org',332,1);
INSERT INTO customer (customer_id,store_id,first_name,last_name,email,address_id,active) VALUES (328,2,'JEFFREY','SPEAR','JEFFREY.SPEAR@sakilacustomer.org',333,1);
INSERT INTO customer (customer_id,store_id,first_name,last_name,email,address_id,active) VALUES (329,2,'FRANK','WAGGONER','FRANK.WAGGONER@sakilacustomer.org',334,1);
INSERT INTO customer (customer_id,store_id,first_name,last_name,email,address_id,active) VALUES (330,1,'SCOTT','SHELLEY','SCOTT.SHELLEY@sakilacustomer.org',335,1);
INSERT INTO customer (customer_id,store_id,first_name,last_name,email,address_id,active) VALUES (331,1,'ERIC','ROBERT','ERIC.ROBERT@sakilacustomer.org',336,1);
INSERT INTO customer (customer_id,store_id,first_name,last_name,email,address_id,active) VALUES (332,1,'STEPHEN','QUALLS','STEPHEN.QUALLS@sakilacustomer.org',337,1);
INSERT INTO customer (customer_id,store_id,first_name,last_name,email,address_id,active) VALUES (333,2,'ANDREW','PURDY','ANDREW.PURDY@sakilacustomer.org',338,1);
INSERT INTO customer (customer_id,store_id,first_name,last_name,email,address_id,active) VALUES (334,2,'RAYMOND','MCWHORTER','RAYMOND.MCWHORTER@sakilacustomer.org',339,1);
INSERT INTO customer (customer_id,store_id,first_name,last_name,email,address_id,active) VALUES (335,1,'GREGORY','MAULDIN','GREGORY.MAULDIN@sakilacustomer.org',340,1);
INSERT INTO customer (customer_id,store_id,first_name,last_name,email,address_id,active) VALUES (336,1,'JOSHUA','MARK','JOSHUA.MARK@sakilacustomer.org',341,1);
INSERT INTO customer (customer_id,store_id,first_name,last_name,email,address_id,active) VALUES (337,1,'JERRY','JORDON','JERRY.JORDON@sakilacustomer.org',342,1);
INSERT INTO customer (customer_id,store_id,first_name,last_name,email,address_id,active) VALUES (338,1,'DENNIS','GILMAN','DENNIS.GILMAN@sakilacustomer.org',343,1);
INSERT INTO customer (customer_id,store_id,first_name,last_name,email,address_id,active) VALUES (339,2,'WALTER','PERRYMAN','WALTER.PERRYMAN@sakilacustomer.org',344,1);
INSERT INTO customer (customer_id,store_id,first_name,last_name,email,address_id,active) VALUES (340,1,'PATRICK','NEWSOM','PATRICK.NEWSOM@sakilacustomer.org',345,1);
INSERT INTO customer (customer_id,store_id,first_name,last_name,email,address_id,active) VALUES (341,1,'PETER','MENARD','PETER.MENARD@sakilacustomer.org',346,1);
INSERT INTO customer (customer_id,store_id,first_name,last_name,email,address_id,active) VALUES (342,1,'HAROLD','MARTINO','HAROLD.MARTINO@sakilacustomer.org',347,1);
INSERT INTO customer (customer_id,store_id,first_name,last_name,email,address_id,active) VALUES (343,1,'DOUGLAS','GRAF','DOUGLAS.GRAF@sakilacustomer.org',348,1);
INSERT INTO customer (customer_id,store_id,first_name,last_name,email,address_id,active) VALUES (344,1,'HENRY','BILLINGSLEY','HENRY.BILLINGSLEY@sakilacustomer.org',349,1);
INSERT INTO customer (customer_id,store_id,first_name,last_name,email,address_id,active) VALUES (345,1,'CARL','ARTIS','CARL.ARTIS@sakilacustomer.org',350,1);
INSERT INTO customer (customer_id,store_id,first_name,last_name,email,address_id,active) VALUES (346,1,'ARTHUR','SIMPKINS','ARTHUR.SIMPKINS@sakilacustomer.org',351,1);
INSERT INTO customer (customer_id,store_id,first_name,last_name,email,address_id,active) VALUES (347,2,'RYAN','SALISBURY','RYAN.SALISBURY@sakilacustomer.org',352,1);
INSERT INTO customer (customer_id,store_id,first_name,last_name,email,address_id,active) VALUES (348,2,'ROGER','QUINTANILLA','ROGER.QUINTANILLA@sakilacustomer.org',353,1);
INSERT INTO customer (customer_id,store_id,first_name,last_name,email,address_id,active) VALUES (349,2,'JOE','GILLILAND','JOE.GILLILAND@sakilacustomer.org',354,1);
INSERT INTO customer (customer_id,store_id,first_name,last_name,email,address_id,active) VALUES (350,1,'JUAN','FRALEY','JUAN.FRALEY@sakilacustomer.org',355,1);
INSERT INTO customer (customer_id,store_id,first_name,last_name,email,address_id,active) VALUES (351,1,'JACK','FOUST','JACK.FOUST@sakilacustomer.org',356,1);
INSERT INTO customer (customer_id,store_id,first_name,last_name,email,address_id,active) VALUES (352,1,'ALBERT','CROUSE','ALBERT.CROUSE@sakilacustomer.org',357,1);
INSERT INTO customer (customer_id,store_id,first_name,last_name,email,address_id,active) VALUES (353,1,'JONATHAN','SCARBOROUGH','JONATHAN.SCARBOROUGH@sakilacustomer.org',358,1);
INSERT INTO customer (customer_id,store_id,first_name,last_name,email,address_id,active) VALUES (354,2,'JUSTIN','NGO','JUSTIN.NGO@sakilacustomer.org',359,1);
INSERT INTO customer (customer_id,store_id,first_name,last_name,email,address_id,active) VALUES (355,2,'TERRY','GRISSOM','TERRY.GRISSOM@sakilacustomer.org',360,1);
INSERT INTO customer (customer_id,store_id,first_name,last_name,email,address_id,active) VALUES (356,2,'GERALD','FULTZ','GERALD.FULTZ@sakilacustomer.org',361,1);
INSERT INTO customer (customer_id,store_id,first_name,last_name,email,address_id,active) VALUES (357,1,'KEITH','RICO','KEITH.RICO@sakilacustomer.org',362,1);
INSERT INTO customer (customer_id,store_id,first_name,last_name,email,address_id,active) VALUES (358,2,'SAMUEL','MARLOW','SAMUEL.MARLOW@sakilacustomer.org',363,1);
INSERT INTO customer (customer_id,store_id,first_name,last_name,email,address_id,active) VALUES (359,2,'WILLIE','MARKHAM','WILLIE.MARKHAM@sakilacustomer.org',364,1);
INSERT INTO customer (customer_id,store_id,first_name,last_name,email,address_id,active) VALUES (360,2,'RALPH','MADRIGAL','RALPH.MADRIGAL@sakilacustomer.org',365,1);
INSERT INTO customer (customer_id,store_id,first_name,last_name,email,address_id,active) VALUES (361,2,'LAWRENCE','LAWTON','LAWRENCE.LAWTON@sakilacustomer.org',366,1);
INSERT INTO customer (customer_id,store_id,first_name,last_name,email,address_id,active) VALUES (362,1,'NICHOLAS','BARFIELD','NICHOLAS.BARFIELD@sakilacustomer.org',367,1);
INSERT INTO customer (customer_id,store_id,first_name,last_name,email,address_id,active) VALUES (363,2,'ROY','WHITING','ROY.WHITING@sakilacustomer.org',368,1);
INSERT INTO customer (customer_id,store_id,first_name,last_name,email,address_id,active) VALUES (364,1,'BENJAMIN','VARNEY','BENJAMIN.VARNEY@sakilacustomer.org',369,1);
INSERT INTO customer (customer_id,store_id,first_name,last_name,email,address_id,active) VALUES (365,2,'BRUCE','SCHWARZ','BRUCE.SCHWARZ@sakilacustomer.org',370,1);
INSERT INTO customer (customer_id,store_id,first_name,last_name,email,address_id,active) VALUES (366,1,'BRANDON','HUEY','BRANDON.HUEY@sakilacustomer.org',371,1);
INSERT INTO customer (customer_id,store_id,first_name,last_name,email,address_id,active) VALUES (367,1,'ADAM','GOOCH','ADAM.GOOCH@sakilacustomer.org',372,1);
INSERT INTO customer (customer_id,store_id,first_name,last_name,email,address_id,active) VALUES (368,1,'HARRY','ARCE','HARRY.ARCE@sakilacustomer.org',373,0);
INSERT INTO customer (customer_id,store_id,first_name,last_name,email,address_id,active) VALUES (369,2,'FRED','WHEAT','FRED.WHEAT@sakilacustomer.org',374,1);
INSERT INTO customer (customer_id,store_id,first_name,last_name,email,address_id,active) VALUES (370,2,'WAYNE','TRUONG','WAYNE.TRUONG@sakilacustomer.org',375,1);
INSERT INTO customer (customer_id,store_id,first_name,last_name,email,address_id,active) VALUES (371,1,'BILLY','POULIN','BILLY.POULIN@sakilacustomer.org',376,1);
INSERT INTO customer (customer_id,store_id,first_name,last_name,email,address_id,active) VALUES (372,2,'STEVE','MACKENZIE','STEVE.MACKENZIE@sakilacustomer.org',377,1);
INSERT INTO customer (customer_id,store_id,first_name,last_name,email,address_id,active) VALUES (373,1,'LOUIS','LEONE','LOUIS.LEONE@sakilacustomer.org',378,1);
INSERT INTO customer (customer_id,store_id,first_name,last_name,email,address_id,active) VALUES (374,2,'JEREMY','HURTADO','JEREMY.HURTADO@sakilacustomer.org',379,1);
INSERT INTO customer (customer_id,store_id,first_name,last_name,email,address_id,active) VALUES (375,2,'AARON','SELBY','AARON.SELBY@sakilacustomer.org',380,1);
INSERT INTO customer (customer_id,store_id,first_name,last_name,email,address_id,active) VALUES (376,1,'RANDY','GAITHER','RANDY.GAITHER@sakilacustomer.org',381,1);
INSERT INTO customer (customer_id,store_id,first_name,last_name,email,address_id,active) VALUES (377,1,'HOWARD','FORTNER','HOWARD.FORTNER@sakilacustomer.org',382,1);
INSERT INTO customer (customer_id,store_id,first_name,last_name,email,address_id,active) VALUES (378,1,'EUGENE','CULPEPPER','EUGENE.CULPEPPER@sakilacustomer.org',383,1);
INSERT INTO customer (customer_id,store_id,first_name,last_name,email,address_id,active) VALUES (379,1,'CARLOS','COUGHLIN','CARLOS.COUGHLIN@sakilacustomer.org',384,1);
INSERT INTO customer (customer_id,store_id,first_name,last_name,email,address_id,active) VALUES (380,1,'RUSSELL','BRINSON','RUSSELL.BRINSON@sakilacustomer.org',385,1);
INSERT INTO customer (customer_id,store_id,first_name,last_name,email,address_id,active) VALUES (381,2,'BOBBY','BOUDREAU','BOBBY.BOUDREAU@sakilacustomer.org',386,1);
INSERT INTO customer (customer_id,store_id,first_name,last_name,email,address_id,active) VALUES (382,2,'VICTOR','BARKLEY','VICTOR.BARKLEY@sakilacustomer.org',387,1);
INSERT INTO customer (customer_id,store_id,first_name,last_name,email,address_id,active) VALUES (383,1,'MARTIN','BALES','MARTIN.BALES@sakilacustomer.org',388,1);
INSERT INTO customer (customer_id,store_id,first_name,last_name,email,address_id,active) VALUES (384,2,'ERNEST','STEPP','ERNEST.STEPP@sakilacustomer.org',389,1);
INSERT INTO customer (customer_id,store_id,first_name,last_name,email,address_id,active) VALUES (385,1,'PHILLIP','HOLM','PHILLIP.HOLM@sakilacustomer.org',390,1);
INSERT INTO customer (customer_id,store_id,first_name,last_name,email,address_id,active) VALUES (386,1,'TODD','TAN','TODD.TAN@sakilacustomer.org',391,1);
INSERT INTO customer (customer_id,store_id,first_name,last_name,email,address_id,active) VALUES (387,2,'JESSE','SCHILLING','JESSE.SCHILLING@sakilacustomer.org',392,1);
INSERT INTO customer (customer_id,store_id,first_name,last_name,email,address_id,active) VALUES (388,2,'CRAIG','MORRELL','CRAIG.MORRELL@sakilacustomer.org',393,1);
INSERT INTO customer (customer_id,store_id,first_name,last_name,email,address_id,active) VALUES (389,1,'ALAN','KAHN','ALAN.KAHN@sakilacustomer.org',394,1);
INSERT INTO customer (customer_id,store_id,first_name,last_name,email,address_id,active) VALUES (390,1,'SHAWN','HEATON','SHAWN.HEATON@sakilacustomer.org',395,1);
INSERT INTO customer (customer_id,store_id,first_name,last_name,email,address_id,active) VALUES (391,1,'CLARENCE','GAMEZ','CLARENCE.GAMEZ@sakilacustomer.org',396,1);
INSERT INTO customer (customer_id,store_id,first_name,last_name,email,address_id,active) VALUES (392,2,'SEAN','DOUGLASS','SEAN.DOUGLASS@sakilacustomer.org',397,1);
INSERT INTO customer (customer_id,store_id,first_name,last_name,email,address_id,active) VALUES (393,1,'PHILIP','CAUSEY','PHILIP.CAUSEY@sakilacustomer.org',398,1);
INSERT INTO customer (customer_id,store_id,first_name,last_name,email,address_id,active) VALUES (394,2,'CHRIS','BROTHERS','CHRIS.BROTHERS@sakilacustomer.org',399,1);
INSERT INTO customer (customer_id,store_id,first_name,last_name,email,address_id,active) VALUES (395,2,'JOHNNY','TURPIN','JOHNNY.TURPIN@sakilacustomer.org',400,1);
INSERT INTO customer (customer_id,store_id,first_name,last_name,email,address_id,active) VALUES (396,1,'EARL','SHANKS','EARL.SHANKS@sakilacustomer.org',401,1);
INSERT INTO customer (customer_id,store_id,first_name,last_name,email,address_id,active) VALUES (397,1,'JIMMY','SCHRADER','JIMMY.SCHRADER@sakilacustomer.org',402,1);
INSERT INTO customer (customer_id,store_id,first_name,last_name,email,address_id,active) VALUES (398,1,'ANTONIO','MEEK','ANTONIO.MEEK@sakilacustomer.org',403,1);
INSERT INTO customer (customer_id,store_id,first_name,last_name,email,address_id,active) VALUES (399,1,'DANNY','ISOM','DANNY.ISOM@sakilacustomer.org',404,1);
INSERT INTO customer (customer_id,store_id,first_name,last_name,email,address_id,active) VALUES (400,2,'BRYAN','HARDISON','BRYAN.HARDISON@sakilacustomer.org',405,1);
INSERT INTO customer (customer_id,store_id,first_name,last_name,email,address_id,active) VALUES (401,2,'TONY','CARRANZA','TONY.CARRANZA@sakilacustomer.org',406,1);
INSERT INTO customer (customer_id,store_id,first_name,last_name,email,address_id,active) VALUES (402,1,'LUIS','YANEZ','LUIS.YANEZ@sakilacustomer.org',407,1);
INSERT INTO customer (customer_id,store_id,first_name,last_name,email,address_id,active) VALUES (403,1,'MIKE','WAY','MIKE.WAY@sakilacustomer.org',408,1);
INSERT INTO customer (customer_id,store_id,first_name,last_name,email,address_id,active) VALUES (404,2,'STANLEY','SCROGGINS','STANLEY.SCROGGINS@sakilacustomer.org',409,1);
INSERT INTO customer (customer_id,store_id,first_name,last_name,email,address_id,active) VALUES (405,1,'LEONARD','SCHOFIELD','LEONARD.SCHOFIELD@sakilacustomer.org',410,1);
INSERT INTO customer (customer_id,store_id,first_name,last_name,email,address_id,active) VALUES (406,1,'NATHAN','RUNYON','NATHAN.RUNYON@sakilacustomer.org',411,0);
INSERT INTO customer (customer_id,store_id,first_name,last_name,email,address_id,active) VALUES (407,1,'DALE','RATCLIFF','DALE.RATCLIFF@sakilacustomer.org',412,1);
INSERT INTO customer (customer_id,store_id,first_name,last_name,email,address_id,active) VALUES (408,1,'MANUEL','MURRELL','MANUEL.MURRELL@sakilacustomer.org',413,1);
INSERT INTO customer (customer_id,store_id,first_name,last_name,email,address_id,active) VALUES (409,2,'RODNEY','MOELLER','RODNEY.MOELLER@sakilacustomer.org',414,1);
INSERT INTO customer (customer_id,store_id,first_name,last_name,email,address_id,active) VALUES (410,2,'CURTIS','IRBY','CURTIS.IRBY@sakilacustomer.org',415,1);
INSERT INTO customer (customer_id,store_id,first_name,last_name,email,address_id,active) VALUES (411,1,'NORMAN','CURRIER','NORMAN.CURRIER@sakilacustomer.org',416,1);
INSERT INTO customer (customer_id,store_id,first_name,last_name,email,address_id,active) VALUES (412,2,'ALLEN','BUTTERFIELD','ALLEN.BUTTERFIELD@sakilacustomer.org',417,1);
INSERT INTO customer (customer_id,store_id,first_name,last_name,email,address_id,active) VALUES (413,2,'MARVIN','YEE','MARVIN.YEE@sakilacustomer.org',418,1);
INSERT INTO customer (customer_id,store_id,first_name,last_name,email,address_id,active) VALUES (414,1,'VINCENT','RALSTON','VINCENT.RALSTON@sakilacustomer.org',419,1);
INSERT INTO customer (customer_id,store_id,first_name,last_name,email,address_id,active) VALUES (415,1,'GLENN','PULLEN','GLENN.PULLEN@sakilacustomer.org',420,1);
INSERT INTO customer (customer_id,store_id,first_name,last_name,email,address_id,active) VALUES (416,2,'JEFFERY','PINSON','JEFFERY.PINSON@sakilacustomer.org',421,1);
INSERT INTO customer (customer_id,store_id,first_name,last_name,email,address_id,active) VALUES (417,1,'TRAVIS','ESTEP','TRAVIS.ESTEP@sakilacustomer.org',422,1);
INSERT INTO customer (customer_id,store_id,first_name,last_name,email,address_id,active) VALUES (418,2,'JEFF','EAST','JEFF.EAST@sakilacustomer.org',423,1);
INSERT INTO customer (customer_id,store_id,first_name,last_name,email,address_id,active) VALUES (419,1,'CHAD','CARBONE','CHAD.CARBONE@sakilacustomer.org',424,1);
INSERT INTO customer (customer_id,store_id,first_name,last_name,email,address_id,active) VALUES (420,1,'JACOB','LANCE','JACOB.LANCE@sakilacustomer.org',425,1);
INSERT INTO customer (customer_id,store_id,first_name,last_name,email,address_id,active) VALUES (421,1,'LEE','HAWKS','LEE.HAWKS@sakilacustomer.org',426,1);
INSERT INTO customer (customer_id,store_id,first_name,last_name,email,address_id,active) VALUES (422,1,'MELVIN','ELLINGTON','MELVIN.ELLINGTON@sakilacustomer.org',427,1);
INSERT INTO customer (customer_id,store_id,first_name,last_name,email,address_id,active) VALUES (423,2,'ALFRED','CASILLAS','ALFRED.CASILLAS@sakilacustomer.org',428,1);
INSERT INTO customer (customer_id,store_id,first_name,last_name,email,address_id,active) VALUES (424,2,'KYLE','SPURLOCK','KYLE.SPURLOCK@sakilacustomer.org',429,1);
INSERT INTO customer (customer_id,store_id,first_name,last_name,email,address_id,active) VALUES (425,2,'FRANCIS','SIKES','FRANCIS.SIKES@sakilacustomer.org',430,1);
INSERT INTO customer (customer_id,store_id,first_name,last_name,email,address_id,active) VALUES (426,1,'BRADLEY','MOTLEY','BRADLEY.MOTLEY@sakilacustomer.org',431,1);
INSERT INTO customer (customer_id,store_id,first_name,last_name,email,address_id,active) VALUES (427,2,'JESUS','MCCARTNEY','JESUS.MCCARTNEY@sakilacustomer.org',432,1);
INSERT INTO customer (customer_id,store_id,first_name,last_name,email,address_id,active) VALUES (428,2,'HERBERT','KRUGER','HERBERT.KRUGER@sakilacustomer.org',433,1);
INSERT INTO customer (customer_id,store_id,first_name,last_name,email,address_id,active) VALUES (429,2,'FREDERICK','ISBELL','FREDERICK.ISBELL@sakilacustomer.org',434,1);
INSERT INTO customer (customer_id,store_id,first_name,last_name,email,address_id,active) VALUES (430,1,'RAY','HOULE','RAY.HOULE@sakilacustomer.org',435,1);
INSERT INTO customer (customer_id,store_id,first_name,last_name,email,address_id,active) VALUES (431,2,'JOEL','FRANCISCO','JOEL.FRANCISCO@sakilacustomer.org',436,1);
INSERT INTO customer (customer_id,store_id,first_name,last_name,email,address_id,active) VALUES (432,1,'EDWIN','BURK','EDWIN.BURK@sakilacustomer.org',437,1);
INSERT INTO customer (customer_id,store_id,first_name,last_name,email,address_id,active) VALUES (433,1,'DON','BONE','DON.BONE@sakilacustomer.org',438,1);
INSERT INTO customer (customer_id,store_id,first_name,last_name,email,address_id,active) VALUES (434,1,'EDDIE','TOMLIN','EDDIE.TOMLIN@sakilacustomer.org',439,1);
INSERT INTO customer (customer_id,store_id,first_name,last_name,email,address_id,active) VALUES (435,2,'RICKY','SHELBY','RICKY.SHELBY@sakilacustomer.org',440,1);
INSERT INTO customer (customer_id,store_id,first_name,last_name,email,address_id,active) VALUES (436,1,'TROY','QUIGLEY','TROY.QUIGLEY@sakilacustomer.org',441,1);
INSERT INTO customer (customer_id,store_id,first_name,last_name,email,address_id,active) VALUES (437,2,'RANDALL','NEUMANN','RANDALL.NEUMANN@sakilacustomer.org',442,1);
INSERT INTO customer (customer_id,store_id,first_name,last_name,email,address_id,active) VALUES (438,1,'BARRY','LOVELACE','BARRY.LOVELACE@sakilacustomer.org',443,1);
INSERT INTO customer (customer_id,store_id,first_name,last_name,email,address_id,active) VALUES (439,2,'ALEXANDER','FENNELL','ALEXANDER.FENNELL@sakilacustomer.org',444,1);
INSERT INTO customer (customer_id,store_id,first_name,last_name,email,address_id,active) VALUES (440,1,'BERNARD','COLBY','BERNARD.COLBY@sakilacustomer.org',445,1);
INSERT INTO customer (customer_id,store_id,first_name,last_name,email,address_id,active) VALUES (441,1,'MARIO','CHEATHAM','MARIO.CHEATHAM@sakilacustomer.org',446,1);
INSERT INTO customer (customer_id,store_id,first_name,last_name,email,address_id,active) VALUES (442,1,'LEROY','BUSTAMANTE','LEROY.BUSTAMANTE@sakilacustomer.org',447,1);
INSERT INTO customer (customer_id,store_id,first_name,last_name,email,address_id,active) VALUES (443,2,'FRANCISCO','SKIDMORE','FRANCISCO.SKIDMORE@sakilacustomer.org',448,1);
INSERT INTO customer (customer_id,store_id,first_name,last_name,email,address_id,active) VALUES (444,2,'MARCUS','HIDALGO','MARCUS.HIDALGO@sakilacustomer.org',449,1);
INSERT INTO customer (customer_id,store_id,first_name,last_name,email,address_id,active) VALUES (445,1,'MICHEAL','FORMAN','MICHEAL.FORMAN@sakilacustomer.org',450,1);
INSERT INTO customer (customer_id,store_id,first_name,last_name,email,address_id,active) VALUES (446,2,'THEODORE','CULP','THEODORE.CULP@sakilacustomer.org',451,0);
INSERT INTO customer (customer_id,store_id,first_name,last_name,email,address_id,active) VALUES (447,1,'CLIFFORD','BOWENS','CLIFFORD.BOWENS@sakilacustomer.org',452,1);
INSERT INTO customer (customer_id,store_id,first_name,last_name,email,address_id,active) VALUES (448,1,'MIGUEL','BETANCOURT','MIGUEL.BETANCOURT@sakilacustomer.org',453,1);
INSERT INTO customer (customer_id,store_id,first_name,last_name,email,address_id,active) VALUES (449,2,'OSCAR','AQUINO','OSCAR.AQUINO@sakilacustomer.org',454,1);
INSERT INTO customer (customer_id,store_id,first_name,last_name,email,address_id,active) VALUES (450,1,'JAY','ROBB','JAY.ROBB@sakilacustomer.org',455,1);
INSERT INTO customer (customer_id,store_id,first_name,last_name,email,address_id,active) VALUES (451,1,'JIM','REA','JIM.REA@sakilacustomer.org',456,1);
INSERT INTO customer (customer_id,store_id,first_name,last_name,email,address_id,active) VALUES (452,1,'TOM','MILNER','TOM.MILNER@sakilacustomer.org',457,1);
INSERT INTO customer (customer_id,store_id,first_name,last_name,email,address_id,active) VALUES (453,1,'CALVIN','MARTEL','CALVIN.MARTEL@sakilacustomer.org',458,1);
INSERT INTO customer (customer_id,store_id,first_name,last_name,email,address_id,active) VALUES (454,2,'ALEX','GRESHAM','ALEX.GRESHAM@sakilacustomer.org',459,1);
INSERT INTO customer (customer_id,store_id,first_name,last_name,email,address_id,active) VALUES (455,2,'JON','WILES','JON.WILES@sakilacustomer.org',460,1);
INSERT INTO customer (customer_id,store_id,first_name,last_name,email,address_id,active) VALUES (456,2,'RONNIE','RICKETTS','RONNIE.RICKETTS@sakilacustomer.org',461,1);
INSERT INTO customer (customer_id,store_id,first_name,last_name,email,address_id,active) VALUES (457,2,'BILL','GAVIN','BILL.GAVIN@sakilacustomer.org',462,1);
INSERT INTO customer (customer_id,store_id,first_name,last_name,email,address_id,active) VALUES (458,1,'LLOYD','DOWD','LLOYD.DOWD@sakilacustomer.org',463,1);
INSERT INTO customer (customer_id,store_id,first_name,last_name,email,address_id,active) VALUES (459,1,'TOMMY','COLLAZO','TOMMY.COLLAZO@sakilacustomer.org',464,1);
INSERT INTO customer (customer_id,store_id,first_name,last_name,email,address_id,active) VALUES (460,1,'LEON','BOSTIC','LEON.BOSTIC@sakilacustomer.org',465,1);
INSERT INTO customer (customer_id,store_id,first_name,last_name,email,address_id,active) VALUES (461,1,'DEREK','BLAKELY','DEREK.BLAKELY@sakilacustomer.org',466,1);
INSERT INTO customer (customer_id,store_id,first_name,last_name,email,address_id,active) VALUES (462,2,'WARREN','SHERROD','WARREN.SHERROD@sakilacustomer.org',467,1);
INSERT INTO customer (customer_id,store_id,first_name,last_name,email,address_id,active) VALUES (463,2,'DARRELL','POWER','DARRELL.POWER@sakilacustomer.org',468,1);
INSERT INTO customer (customer_id,store_id,first_name,last_name,email,address_id,active) VALUES (464,1,'JEROME','KENYON','JEROME.KENYON@sakilacustomer.org',469,1);
INSERT INTO customer (customer_id,store_id,first_name,last_name,email,address_id,active) VALUES (465,1,'FLOYD','GANDY','FLOYD.GANDY@sakilacustomer.org',470,1);
INSERT INTO customer (customer_id,store_id,first_name,last_name,email,address_id,active) VALUES (466,1,'LEO','EBERT','LEO.EBERT@sakilacustomer.org',471,1);
INSERT INTO customer (customer_id,store_id,first_name,last_name,email,address_id,active) VALUES (467,2,'ALVIN','DELOACH','ALVIN.DELOACH@sakilacustomer.org',472,1);
INSERT INTO customer (customer_id,store_id,first_name,last_name,email,address_id,active) VALUES (468,1,'TIM','CARY','TIM.CARY@sakilacustomer.org',473,1);
INSERT INTO customer (customer_id,store_id,first_name,last_name,email,address_id,active) VALUES (469,2,'WESLEY','BULL','WESLEY.BULL@sakilacustomer.org',474,1);
INSERT INTO customer (customer_id,store_id,first_name,last_name,email,address_id,active) VALUES (470,1,'GORDON','ALLARD','GORDON.ALLARD@sakilacustomer.org',475,1);
INSERT INTO customer (customer_id,store_id,first_name,last_name,email,address_id,active) VALUES (471,1,'DEAN','SAUER','DEAN.SAUER@sakilacustomer.org',476,1);
INSERT INTO customer (customer_id,store_id,first_name,last_name,email,address_id,active) VALUES (472,1,'GREG','ROBINS','GREG.ROBINS@sakilacustomer.org',477,1);
INSERT INTO customer (customer_id,store_id,first_name,last_name,email,address_id,active) VALUES (473,2,'JORGE','OLIVARES','JORGE.OLIVARES@sakilacustomer.org',478,1);
INSERT INTO customer (customer_id,store_id,first_name,last_name,email,address_id,active) VALUES (474,2,'DUSTIN','GILLETTE','DUSTIN.GILLETTE@sakilacustomer.org',479,1);
INSERT INTO customer (customer_id,store_id,first_name,last_name,email,address_id,active) VALUES (475,2,'PEDRO','CHESTNUT','PEDRO.CHESTNUT@sakilacustomer.org',480,1);
INSERT INTO customer (customer_id,store_id,first_name,last_name,email,address_id,active) VALUES (476,1,'DERRICK','BOURQUE','DERRICK.BOURQUE@sakilacustomer.org',481,1);
INSERT INTO customer (customer_id,store_id,first_name,last_name,email,address_id,active) VALUES (477,1,'DAN','PAINE','DAN.PAINE@sakilacustomer.org',482,1);
INSERT INTO customer (customer_id,store_id,first_name,last_name,email,address_id,active) VALUES (478,1,'LEWIS','LYMAN','LEWIS.LYMAN@sakilacustomer.org',483,1);
INSERT INTO customer (customer_id,store_id,first_name,last_name,email,address_id,active) VALUES (479,1,'ZACHARY','HITE','ZACHARY.HITE@sakilacustomer.org',484,1);
INSERT INTO customer (customer_id,store_id,first_name,last_name,email,address_id,active) VALUES (480,1,'COREY','HAUSER','COREY.HAUSER@sakilacustomer.org',485,1);
INSERT INTO customer (customer_id,store_id,first_name,last_name,email,address_id,active) VALUES (481,1,'HERMAN','DEVORE','HERMAN.DEVORE@sakilacustomer.org',486,1);
INSERT INTO customer (customer_id,store_id,first_name,last_name,email,address_id,active) VALUES (482,1,'MAURICE','CRAWLEY','MAURICE.CRAWLEY@sakilacustomer.org',487,0);
INSERT INTO customer (customer_id,store_id,first_name,last_name,email,address_id,active) VALUES (483,2,'VERNON','CHAPA','VERNON.CHAPA@sakilacustomer.org',488,1);
INSERT INTO customer (customer_id,store_id,first_name,last_name,email,address_id,active) VALUES (484,1,'ROBERTO','VU','ROBERTO.VU@sakilacustomer.org',489,1);
INSERT INTO customer (customer_id,store_id,first_name,last_name,email,address_id,active) VALUES (485,1,'CLYDE','TOBIAS','CLYDE.TOBIAS@sakilacustomer.org',490,1);
INSERT INTO customer (customer_id,store_id,first_name,last_name,email,address_id,active) VALUES (486,1,'GLEN','TALBERT','GLEN.TALBERT@sakilacustomer.org',491,1);
INSERT INTO customer (customer_id,store_id,first_name,last_name,email,address_id,active) VALUES (487,2,'HECTOR','POINDEXTER','HECTOR.POINDEXTER@sakilacustomer.org',492,1);
INSERT INTO customer (customer_id,store_id,first_name,last_name,email,address_id,active) VALUES (488,2,'SHANE','MILLARD','SHANE.MILLARD@sakilacustomer.org',493,1);
INSERT INTO customer (customer_id,store_id,first_name,last_name,email,address_id,active) VALUES (489,1,'RICARDO','MEADOR','RICARDO.MEADOR@sakilacustomer.org',494,1);
INSERT INTO customer (customer_id,store_id,first_name,last_name,email,address_id,active) VALUES (490,1,'SAM','MCDUFFIE','SAM.MCDUFFIE@sakilacustomer.org',495,1);
INSERT INTO customer (customer_id,store_id,first_name,last_name,email,address_id,active) VALUES (491,2,'RICK','MATTOX','RICK.MATTOX@sakilacustomer.org',496,1);
INSERT INTO customer (customer_id,store_id,first_name,last_name,email,address_id,active) VALUES (492,2,'LESTER','KRAUS','LESTER.KRAUS@sakilacustomer.org',497,1);
INSERT INTO customer (customer_id,store_id,first_name,last_name,email,address_id,active) VALUES (493,1,'BRENT','HARKINS','BRENT.HARKINS@sakilacustomer.org',498,1);
INSERT INTO customer (customer_id,store_id,first_name,last_name,email,address_id,active) VALUES (494,2,'RAMON','CHOATE','RAMON.CHOATE@sakilacustomer.org',499,1);
INSERT INTO customer (customer_id,store_id,first_name,last_name,email,address_id,active) VALUES (495,2,'CHARLIE','BESS','CHARLIE.BESS@sakilacustomer.org',500,1);
INSERT INTO customer (customer_id,store_id,first_name,last_name,email,address_id,active) VALUES (496,2,'TYLER','WREN','TYLER.WREN@sakilacustomer.org',501,1);
INSERT INTO customer (customer_id,store_id,first_name,last_name,email,address_id,active) VALUES (497,2,'GILBERT','SLEDGE','GILBERT.SLEDGE@sakilacustomer.org',502,1);
INSERT INTO customer (customer_id,store_id,first_name,last_name,email,address_id,active) VALUES (498,1,'GENE','SANBORN','GENE.SANBORN@sakilacustomer.org',503,1);
INSERT INTO customer (customer_id,store_id,first_name,last_name,email,address_id,active) VALUES (499,2,'MARC','OUTLAW','MARC.OUTLAW@sakilacustomer.org',504,1);
INSERT INTO customer (customer_id,store_id,first_name,last_name,email,address_id,active) VALUES (500,1,'REGINALD','KINDER','REGINALD.KINDER@sakilacustomer.org',505,1);
INSERT INTO customer (customer_id,store_id,first_name,last_name,email,address_id,active) VALUES (501,1,'RUBEN','GEARY','RUBEN.GEARY@sakilacustomer.org',506,1);
INSERT INTO customer (customer_id,store_id,first_name,last_name,email,address_id,active) VALUES (502,1,'BRETT','CORNWELL','BRETT.CORNWELL@sakilacustomer.org',507,1);
INSERT INTO customer (customer_id,store_id,first_name,last_name,email,address_id,active) VALUES (503,1,'ANGEL','BARCLAY','ANGEL.BARCLAY@sakilacustomer.org',508,1);
INSERT INTO customer (customer_id,store_id,first_name,last_name,email,address_id,active) VALUES (504,1,'NATHANIEL','ADAM','NATHANIEL.ADAM@sakilacustomer.org',509,1);
INSERT INTO customer (customer_id,store_id,first_name,last_name,email,address_id,active) VALUES (505,1,'RAFAEL','ABNEY','RAFAEL.ABNEY@sakilacustomer.org',510,1);
INSERT INTO customer (customer_id,store_id,first_name,last_name,email,address_id,active) VALUES (506,2,'LESLIE','SEWARD','LESLIE.SEWARD@sakilacustomer.org',511,1);
INSERT INTO customer (customer_id,store_id,first_name,last_name,email,address_id,active) VALUES (507,2,'EDGAR','RHOADS','EDGAR.RHOADS@sakilacustomer.org',512,1);
INSERT INTO customer (customer_id,store_id,first_name,last_name,email,address_id,active) VALUES (508,2,'MILTON','HOWLAND','MILTON.HOWLAND@sakilacustomer.org',513,1);
INSERT INTO customer (customer_id,store_id,first_name,last_name,email,address_id,active) VALUES (509,1,'RAUL','FORTIER','RAUL.FORTIER@sakilacustomer.org',514,1);
INSERT INTO customer (customer_id,store_id,first_name,last_name,email,address_id,active) VALUES (510,2,'BEN','EASTER','BEN.EASTER@sakilacustomer.org',515,0);
INSERT INTO customer (customer_id,store_id,first_name,last_name,email,address_id,active) VALUES (511,1,'CHESTER','BENNER','CHESTER.BENNER@sakilacustomer.org',516,1);
INSERT INTO customer (customer_id,store_id,first_name,last_name,email,address_id,active) VALUES (512,1,'CECIL','VINES','CECIL.VINES@sakilacustomer.org',517,1);
INSERT INTO customer (customer_id,store_id,first_name,last_name,email,address_id,active) VALUES (513,2,'DUANE','TUBBS','DUANE.TUBBS@sakilacustomer.org',519,1);
INSERT INTO customer (customer_id,store_id,first_name,last_name,email,address_id,active) VALUES (514,2,'FRANKLIN','TROUTMAN','FRANKLIN.TROUTMAN@sakilacustomer.org',520,1);
INSERT INTO customer (customer_id,store_id,first_name,last_name,email,address_id,active) VALUES (515,1,'ANDRE','RAPP','ANDRE.RAPP@sakilacustomer.org',521,1);
INSERT INTO customer (customer_id,store_id,first_name,last_name,email,address_id,active) VALUES (516,2,'ELMER','NOE','ELMER.NOE@sakilacustomer.org',522,1);
INSERT INTO customer (customer_id,store_id,first_name,last_name,email,address_id,active) VALUES (517,2,'BRAD','MCCURDY','BRAD.MCCURDY@sakilacustomer.org',523,1);
INSERT INTO customer (customer_id,store_id,first_name,last_name,email,address_id,active) VALUES (518,1,'GABRIEL','HARDER','GABRIEL.HARDER@sakilacustomer.org',524,1);
INSERT INTO customer (customer_id,store_id,first_name,last_name,email,address_id,active) VALUES (519,2,'RON','DELUCA','RON.DELUCA@sakilacustomer.org',525,1);
INSERT INTO customer (customer_id,store_id,first_name,last_name,email,address_id,active) VALUES (520,2,'MITCHELL','WESTMORELAND','MITCHELL.WESTMORELAND@sakilacustomer.org',526,1);
INSERT INTO customer (customer_id,store_id,first_name,last_name,email,address_id,active) VALUES (521,2,'ROLAND','SOUTH','ROLAND.SOUTH@sakilacustomer.org',527,1);
INSERT INTO customer (customer_id,store_id,first_name,last_name,email,address_id,active) VALUES (522,2,'ARNOLD','HAVENS','ARNOLD.HAVENS@sakilacustomer.org',528,1);
INSERT INTO customer (customer_id,store_id,first_name,last_name,email,address_id,active) VALUES (523,1,'HARVEY','GUAJARDO','HARVEY.GUAJARDO@sakilacustomer.org',529,1);
INSERT INTO customer (customer_id,store_id,first_name,last_name,email,address_id,active) VALUES (524,1,'JARED','ELY','JARED.ELY@sakilacustomer.org',530,1);
INSERT INTO customer (customer_id,store_id,first_name,last_name,email,address_id,active) VALUES (525,2,'ADRIAN','CLARY','ADRIAN.CLARY@sakilacustomer.org',531,1);
INSERT INTO customer (customer_id,store_id,first_name,last_name,email,address_id,active) VALUES (526,2,'KARL','SEAL','KARL.SEAL@sakilacustomer.org',532,1);
INSERT INTO customer (customer_id,store_id,first_name,last_name,email,address_id,active) VALUES (527,1,'CORY','MEEHAN','CORY.MEEHAN@sakilacustomer.org',533,1);
INSERT INTO customer (customer_id,store_id,first_name,last_name,email,address_id,active) VALUES (528,1,'CLAUDE','HERZOG','CLAUDE.HERZOG@sakilacustomer.org',534,1);
INSERT INTO customer (customer_id,store_id,first_name,last_name,email,address_id,active) VALUES (529,2,'ERIK','GUILLEN','ERIK.GUILLEN@sakilacustomer.org',535,1);
INSERT INTO customer (customer_id,store_id,first_name,last_name,email,address_id,active) VALUES (530,2,'DARRYL','ASHCRAFT','DARRYL.ASHCRAFT@sakilacustomer.org',536,1);
INSERT INTO customer (customer_id,store_id,first_name,last_name,email,address_id,active) VALUES (531,2,'JAMIE','WAUGH','JAMIE.WAUGH@sakilacustomer.org',537,1);
INSERT INTO customer (customer_id,store_id,first_name,last_name,email,address_id,active) VALUES (532,2,'NEIL','RENNER','NEIL.RENNER@sakilacustomer.org',538,1);
INSERT INTO customer (customer_id,store_id,first_name,last_name,email,address_id,active) VALUES (533,1,'JESSIE','MILAM','JESSIE.MILAM@sakilacustomer.org',539,1);
INSERT INTO customer (customer_id,store_id,first_name,last_name,email,address_id,active) VALUES (534,1,'CHRISTIAN','JUNG','CHRISTIAN.JUNG@sakilacustomer.org',540,0);
INSERT INTO customer (customer_id,store_id,first_name,last_name,email,address_id,active) VALUES (535,1,'JAVIER','ELROD','JAVIER.ELROD@sakilacustomer.org',541,1);
INSERT INTO customer (customer_id,store_id,first_name,last_name,email,address_id,active) VALUES (536,2,'FERNANDO','CHURCHILL','FERNANDO.CHURCHILL@sakilacustomer.org',542,1);
INSERT INTO customer (customer_id,store_id,first_name,last_name,email,address_id,active) VALUES (537,2,'CLINTON','BUFORD','CLINTON.BUFORD@sakilacustomer.org',543,1);
INSERT INTO customer (customer_id,store_id,first_name,last_name,email,address_id,active) VALUES (538,2,'TED','BREAUX','TED.BREAUX@sakilacustomer.org',544,1);
INSERT INTO customer (customer_id,store_id,first_name,last_name,email,address_id,active) VALUES (539,1,'MATHEW','BOLIN','MATHEW.BOLIN@sakilacustomer.org',545,1);
INSERT INTO customer (customer_id,store_id,first_name,last_name,email,address_id,active) VALUES (540,1,'TYRONE','ASHER','TYRONE.ASHER@sakilacustomer.org',546,1);
INSERT INTO customer (customer_id,store_id,first_name,last_name,email,address_id,active) VALUES (541,2,'DARREN','WINDHAM','DARREN.WINDHAM@sakilacustomer.org',547,1);
INSERT INTO customer (customer_id,store_id,first_name,last_name,email,address_id,active) VALUES (542,2,'LONNIE','TIRADO','LONNIE.TIRADO@sakilacustomer.org',548,1);
INSERT INTO customer (customer_id,store_id,first_name,last_name,email,address_id,active) VALUES (543,1,'LANCE','PEMBERTON','LANCE.PEMBERTON@sakilacustomer.org',549,1);
INSERT INTO customer (customer_id,store_id,first_name,last_name,email,address_id,active) VALUES (544,2,'CODY','NOLEN','CODY.NOLEN@sakilacustomer.org',550,1);
INSERT INTO customer (customer_id,store_id,first_name,last_name,email,address_id,active) VALUES (545,2,'JULIO','NOLAND','JULIO.NOLAND@sakilacustomer.org',551,1);
INSERT INTO customer (customer_id,store_id,first_name,last_name,email,address_id,active) VALUES (546,1,'KELLY','KNOTT','KELLY.KNOTT@sakilacustomer.org',552,1);
INSERT INTO customer (customer_id,store_id,first_name,last_name,email,address_id,active) VALUES (547,1,'KURT','EMMONS','KURT.EMMONS@sakilacustomer.org',553,1);
INSERT INTO customer (customer_id,store_id,first_name,last_name,email,address_id,active) VALUES (548,1,'ALLAN','CORNISH','ALLAN.CORNISH@sakilacustomer.org',554,1);
INSERT INTO customer (customer_id,store_id,first_name,last_name,email,address_id,active) VALUES (549,1,'NELSON','CHRISTENSON','NELSON.CHRISTENSON@sakilacustomer.org',555,1);
INSERT INTO customer (customer_id,store_id,first_name,last_name,email,address_id,active) VALUES (550,2,'GUY','BROWNLEE','GUY.BROWNLEE@sakilacustomer.org',556,1);
INSERT INTO customer (customer_id,store_id,first_name,last_name,email,address_id,active) VALUES (551,2,'CLAYTON','BARBEE','CLAYTON.BARBEE@sakilacustomer.org',557,1);
INSERT INTO customer (customer_id,store_id,first_name,last_name,email,address_id,active) VALUES (552,2,'HUGH','WALDROP','HUGH.WALDROP@sakilacustomer.org',558,1);
INSERT INTO customer (customer_id,store_id,first_name,last_name,email,address_id,active) VALUES (553,1,'MAX','PITT','MAX.PITT@sakilacustomer.org',559,1);
INSERT INTO customer (customer_id,store_id,first_name,last_name,email,address_id,active) VALUES (554,1,'DWAYNE','OLVERA','DWAYNE.OLVERA@sakilacustomer.org',560,1);
INSERT INTO customer (customer_id,store_id,first_name,last_name,email,address_id,active) VALUES (555,1,'DWIGHT','LOMBARDI','DWIGHT.LOMBARDI@sakilacustomer.org',561,1);
INSERT INTO customer (customer_id,store_id,first_name,last_name,email,address_id,active) VALUES (556,2,'ARMANDO','GRUBER','ARMANDO.GRUBER@sakilacustomer.org',562,1);
INSERT INTO customer (customer_id,store_id,first_name,last_name,email,address_id,active) VALUES (557,1,'FELIX','GAFFNEY','FELIX.GAFFNEY@sakilacustomer.org',563,1);
INSERT INTO customer (customer_id,store_id,first_name,last_name,email,address_id,active) VALUES (558,1,'JIMMIE','EGGLESTON','JIMMIE.EGGLESTON@sakilacustomer.org',564,0);
INSERT INTO customer (customer_id,store_id,first_name,last_name,email,address_id,active) VALUES (559,2,'EVERETT','BANDA','EVERETT.BANDA@sakilacustomer.org',565,1);
INSERT INTO customer (customer_id,store_id,first_name,last_name,email,address_id,active) VALUES (560,1,'JORDAN','ARCHULETA','JORDAN.ARCHULETA@sakilacustomer.org',566,1);
INSERT INTO customer (customer_id,store_id,first_name,last_name,email,address_id,active) VALUES (561,2,'IAN','STILL','IAN.STILL@sakilacustomer.org',567,1);
INSERT INTO customer (customer_id,store_id,first_name,last_name,email,address_id,active) VALUES (562,1,'WALLACE','SLONE','WALLACE.SLONE@sakilacustomer.org',568,1);
INSERT INTO customer (customer_id,store_id,first_name,last_name,email,address_id,active) VALUES (563,2,'KEN','PREWITT','KEN.PREWITT@sakilacustomer.org',569,1);
INSERT INTO customer (customer_id,store_id,first_name,last_name,email,address_id,active) VALUES (564,2,'BOB','PFEIFFER','BOB.PFEIFFER@sakilacustomer.org',570,1);
INSERT INTO customer (customer_id,store_id,first_name,last_name,email,address_id,active) VALUES (565,2,'JAIME','NETTLES','JAIME.NETTLES@sakilacustomer.org',571,1);
INSERT INTO customer (customer_id,store_id,first_name,last_name,email,address_id,active) VALUES (566,1,'CASEY','MENA','CASEY.MENA@sakilacustomer.org',572,1);
INSERT INTO customer (customer_id,store_id,first_name,last_name,email,address_id,active) VALUES (567,2,'ALFREDO','MCADAMS','ALFREDO.MCADAMS@sakilacustomer.org',573,1);
INSERT INTO customer (customer_id,store_id,first_name,last_name,email,address_id,active) VALUES (568,2,'ALBERTO','HENNING','ALBERTO.HENNING@sakilacustomer.org',574,1);
INSERT INTO customer (customer_id,store_id,first_name,last_name,email,address_id,active) VALUES (569,2,'DAVE','GARDINER','DAVE.GARDINER@sakilacustomer.org',575,1);
INSERT INTO customer (customer_id,store_id,first_name,last_name,email,address_id,active) VALUES (570,2,'IVAN','CROMWELL','IVAN.CROMWELL@sakilacustomer.org',576,1);
INSERT INTO customer (customer_id,store_id,first_name,last_name,email,address_id,active) VALUES (571,2,'JOHNNIE','CHISHOLM','JOHNNIE.CHISHOLM@sakilacustomer.org',577,1);
INSERT INTO customer (customer_id,store_id,first_name,last_name,email,address_id,active) VALUES (572,1,'SIDNEY','BURLESON','SIDNEY.BURLESON@sakilacustomer.org',578,1);
INSERT INTO customer (customer_id,store_id,first_name,last_name,email,address_id,active) VALUES (573,1,'BYRON','BOX','BYRON.BOX@sakilacustomer.org',579,1);
INSERT INTO customer (customer_id,store_id,first_name,last_name,email,address_id,active) VALUES (574,2,'JULIAN','VEST','JULIAN.VEST@sakilacustomer.org',580,1);
INSERT INTO customer (customer_id,store_id,first_name,last_name,email,address_id,active) VALUES (575,2,'ISAAC','OGLESBY','ISAAC.OGLESBY@sakilacustomer.org',581,1);
INSERT INTO customer (customer_id,store_id,first_name,last_name,email,address_id,active) VALUES (576,2,'MORRIS','MCCARTER','MORRIS.MCCARTER@sakilacustomer.org',582,1);
INSERT INTO customer (customer_id,store_id,first_name,last_name,email,address_id,active) VALUES (577,2,'CLIFTON','MALCOLM','CLIFTON.MALCOLM@sakilacustomer.org',583,1);
INSERT INTO customer (customer_id,store_id,first_name,last_name,email,address_id,active) VALUES (578,2,'WILLARD','LUMPKIN','WILLARD.LUMPKIN@sakilacustomer.org',584,1);
INSERT INTO customer (customer_id,store_id,first_name,last_name,email,address_id,active) VALUES (579,2,'DARYL','LARUE','DARYL.LARUE@sakilacustomer.org',585,1);
INSERT INTO customer (customer_id,store_id,first_name,last_name,email,address_id,active) VALUES (580,1,'ROSS','GREY','ROSS.GREY@sakilacustomer.org',586,1);
INSERT INTO customer (customer_id,store_id,first_name,last_name,email,address_id,active) VALUES (581,1,'VIRGIL','WOFFORD','VIRGIL.WOFFORD@sakilacustomer.org',587,1);
INSERT INTO customer (customer_id,store_id,first_name,last_name,email,address_id,active) VALUES (582,2,'ANDY','VANHORN','ANDY.VANHORN@sakilacustomer.org',588,1);
INSERT INTO customer (customer_id,store_id,first_name,last_name,email,address_id,active) VALUES (583,1,'MARSHALL','THORN','MARSHALL.THORN@sakilacustomer.org',589,1);
INSERT INTO customer (customer_id,store_id,first_name,last_name,email,address_id,active) VALUES (584,2,'SALVADOR','TEEL','SALVADOR.TEEL@sakilacustomer.org',590,1);
INSERT INTO customer (customer_id,store_id,first_name,last_name,email,address_id,active) VALUES (585,1,'PERRY','SWAFFORD','PERRY.SWAFFORD@sakilacustomer.org',591,1);
INSERT INTO customer (customer_id,store_id,first_name,last_name,email,address_id,active) VALUES (586,1,'KIRK','STCLAIR','KIRK.STCLAIR@sakilacustomer.org',592,1);
INSERT INTO customer (customer_id,store_id,first_name,last_name,email,address_id,active) VALUES (587,1,'SERGIO','STANFIELD','SERGIO.STANFIELD@sakilacustomer.org',593,1);
INSERT INTO customer (customer_id,store_id,first_name,last_name,email,address_id,active) VALUES (588,1,'MARION','OCAMPO','MARION.OCAMPO@sakilacustomer.org',594,1);
INSERT INTO customer (customer_id,store_id,first_name,last_name,email,address_id,active) VALUES (589,1,'TRACY','HERRMANN','TRACY.HERRMANN@sakilacustomer.org',595,1);
INSERT INTO customer (customer_id,store_id,first_name,last_name,email,address_id,active) VALUES (590,2,'SETH','HANNON','SETH.HANNON@sakilacustomer.org',596,1);
INSERT INTO customer (customer_id,store_id,first_name,last_name,email,address_id,active) VALUES (591,1,'KENT','ARSENAULT','KENT.ARSENAULT@sakilacustomer.org',597,1);
INSERT INTO customer (customer_id,store_id,first_name,last_name,email,address_id,active) VALUES (592,1,'TERRANCE','ROUSH','TERRANCE.ROUSH@sakilacustomer.org',598,0);
INSERT INTO customer (customer_id,store_id,first_name,last_name,email,address_id,active) VALUES (593,2,'RENE','MCALISTER','RENE.MCALISTER@sakilacustomer.org',599,1);
INSERT INTO customer (customer_id,store_id,first_name,last_name,email,address_id,active) VALUES (594,1,'EDUARDO','HIATT','EDUARDO.HIATT@sakilacustomer.org',600,1);
INSERT INTO customer (customer_id,store_id,first_name,last_name,email,address_id,active) VALUES (595,1,'TERRENCE','GUNDERSON','TERRENCE.GUNDERSON@sakilacustomer.org',601,1);
INSERT INTO customer (customer_id,store_id,first_name,last_name,email,address_id,active) VALUES (596,1,'ENRIQUE','FORSYTHE','ENRIQUE.FORSYTHE@sakilacustomer.org',602,1);
INSERT INTO customer (customer_id,store_id,first_name,last_name,email,address_id,active) VALUES (597,1,'FREDDIE','DUGGAN','FREDDIE.DUGGAN@sakilacustomer.org',603,1);
INSERT INTO customer (customer_id,store_id,first_name,last_name,email,address_id,active) VALUES (598,1,'WADE','DELVALLE','WADE.DELVALLE@sakilacustomer.org',604,1);
INSERT INTO customer (customer_id,store_id,first_name,last_name,email,address_id,active) VALUES (599,2,'AUSTIN','CINTRON','AUSTIN.CINTRON@sakilacustomer.org',605,1);
